Checked,Confidence,Identifying Node,PSM Ambiguity,Annotated Sequence,Modifications,# Proteins,Master Protein Accessions,Protein Accessions,# Missed Cleavages,Charge,DeltaScore,DeltaCn,Rank,Search Engine Rank,m/z [Da],MH+ [Da],Theo. MH+ [Da],DeltaM [ppm],Deltam/z [Da],Activation Type,NCE [%],MS Order,Isolation Interference [%],Average Reporter S/N,Ion Inject Time [ms],RT [min],First Scan,Spectrum File,File ID,Abundance: 127N,Abundance: 128N,Abundance: 128C,Abundance: 129N,Abundance: 129C,Abundance: 130N,Abundance: 130C,Quan Info,XCorr,# Protein Groups,Contaminant,Percolator q-Value,Percolator PEP
FALSE,High,Sequest HT (A2),Unambiguous,[R].kqERAAAAAAAAAk.[N],N-Term(TMT6plex); K1(Acetyl); Q2(Deamidated); K14(TMT6plex),1,Q99453,Q99453,2,2,0.0714,0,1,1,915.03293,1829.05858,1829.06452,-3.25,-0.00297,HCD (High Energy Collision Dissociation),34,MS2,0,15.3,100,75.9649,21718,190513X_JvsU_targeted15K_2x2_Plate2_2.raw,F14,4691.071007818187,32535.26395292167,54968.735441195146,38139.04258305863,40300.42726968153,24281.349260306743,60804.81693937119,4.06,1,FALSE,0.00002407,0.00003698
FALSE,High,Sequest HT (A2),Unambiguous,[R].kqERAAAAAAAAAk.[N],N-Term(TMT6plex); K1(Acetyl); Q2(Deamidated); K14(TMT6plex),1,Q99453,Q99453,2,2,0.0473,0,1,1,915.03542,1829.06358,1829.06452,-0.51,-0.00047,HCD (High Energy Collision Dissociation),34,MS2,23.61249,9.3,100,71.3209,18565,190513X_JvsU_targeted15K_2x2_Plate2_5.raw,F17,2634.9410314332117,3440.7654865371364,7304.09391891649,25248.200213802324,19473.706800086293,25671.30351184802,39953.547678401585,4.02,1,FALSE,0.00002407,0.000006138
FALSE,High,Sequest HT (A2),Unambiguous,[R].kqERAAAAAAAAAk.[N],N-Term(TMT6plex); K1(Acetyl); Q2(Deamidated); K14(TMT6plex),1,Q99453,Q99453,2,2,0.0584,0,1,1,915.03257,1829.05787,1829.06452,-3.63,-0.00332,HCD (High Energy Collision Dissociation),34,MS2,0,12.9,100,75.8201,22131,190513X_JvsU_targeted15K_2x2_Plate2_6.raw,F18,11164.96400190744,18002.3305756862,65454.65800624644,64335.357491602015,50690.64745618623,37250.34951970952,78584.30776370977,4.28,1,FALSE,0.00002407,7.954E-07
FALSE,High,Sequest HT (A2),Unambiguous,[R].kqERAAAAAAAAAk.[N],N-Term(TMT6plex); K1(Acetyl); Q2(Deamidated); K14(TMT6plex),1,Q99453,Q99453,2,2,0.057,0,1,1,915.0365,1829.06572,1829.06452,0.66,0.0006,HCD (High Energy Collision Dissociation),34,MS2,25.29571,7.3,100,71.1707,18515,190513X_JvsU_targeted15K_2x2_Plate2_7.raw,F19,448.6107103316516,486.8277609757001,1479.9119171997909,14753.25336476201,12847.609685133495,17343.31405333846,24709.430568750508,3.16,1,FALSE,0.00002407,0.0000658
FALSE,High,Sequest HT (A2),Unambiguous,[R].kqERAAAAAAAAAk.[N],N-Term(TMT6plex); K1(Acetyl); Q2(Deamidated); K14(TMT6plex),1,Q99453,Q99453,2,2,0.0714,0,1,1,915.03309,1829.05891,1829.06452,-3.07,-0.0028,HCD (High Energy Collision Dissociation),34,MS2,27.78988,30.3,100,75.7193,22021,190513X_JvsU_targeted15K_2x2_Plate2_4.raw,F16,46200.45702973824,427618.42537204456,780169.8447974941,1695744.1332755424,1496242.0010266837,734150.5917852186,1945698.3492572112,4.48,1,FALSE,0.00002407,0.000002019
FALSE,High,Sequest HT (A2),Unambiguous,[R].kqERAAAAAAAAAk.[N],N-Term(TMT6plex); K1(Acetyl); Q2(Deamidated); K14(TMT6plex),1,Q99453,Q99453,2,2,0.0595,0,1,1,915.03272,1829.05817,1829.06452,-3.47,-0.00317,HCD (High Energy Collision Dissociation),34,MS2,0,10.9,100,75.681,21280,190513X_JvsU_targeted15K_2x2_Plate2_12.raw,F24,3230.3843521324775,4796.91609498325,20711.152691699404,25938.68016624214,41205.742868769856,20648.582699682058,96768.42240327316,3.7,1,FALSE,0.00002407,0.00003481
FALSE,High,Sequest HT (A2),Unambiguous,[R].kqERAAAAAAAAAk.[N],N-Term(TMT6plex); K1(Acetyl); Q2(Deamidated); K14(TMT6plex),1,Q99453,Q99453,2,2,0.0866,0,1,1,915.03589,1829.06451,1829.06452,-0.01,0,HCD (High Energy Collision Dissociation),34,MS2,42.88306,15.2,100,71.3777,18350,190513X_JvsU_targeted15K_2x2_Plate2_1.raw,F13,11509.688225683045,17794.664745860977,34979.04324340435,131427.51515643942,143567.15168110482,204341.94934670322,294810.45477942616,4.04,1,FALSE,0.00002407,0.000003329
FALSE,High,Sequest HT (A2),Unambiguous,[R].kqERAAAAAAAAAk.[N],N-Term(TMT6plex); K1(Acetyl); Q2(Deamidated); K14(TMT6plex),1,Q99453,Q99453,2,3,0.0507,0,1,1,610.36052,1829.067,1829.06452,1.36,0.00083,HCD (High Energy Collision Dissociation),34,MS2,26.33177,7.5,100,71.1309,18607,190513X_JvsU_targeted15K_2x2_Plate2_9.raw,F21,183.7096097148198,742.000317216569,635.5695491936864,573.7043111829116,621.6140440831913,351.3049630556375,481.0503352554349,3.35,1,FALSE,0.00002407,0.00005968
FALSE,High,Sequest HT (A2),Unambiguous,[R].kqERAAAAAAAAAk.[N],N-Term(TMT6plex); K1(Acetyl); Q2(Deamidated); K14(TMT6plex),1,Q99453,Q99453,2,2,0.0695,0,1,1,915.03567,1829.06408,1829.06452,-0.24,-0.00022,HCD (High Energy Collision Dissociation),34,MS2,49.80551,10.6,100,71.2677,18554,190513X_JvsU_targeted15K_2x2_Plate2_3.raw,F15,2145.485406167605,3045.1624098847287,7845.266996784365,42277.40457995232,35501.984384739146,49663.79072960715,95606.19774986786,3.02,1,FALSE,0.00002407,0.00002238
FALSE,High,Sequest HT (A2),Unambiguous,[R].kqERAAAAAAAAAk.[N],N-Term(TMT6plex); K1(Acetyl); Q2(Deamidated); K14(TMT6plex),1,Q99453,Q99453,2,2,0.0661,0,1,1,915.03623,1829.06519,1829.06452,0.37,0.00034,HCD (High Energy Collision Dissociation),34,MS2,10.38684,7.9,100,71.1179,18647,190513X_JvsU_targeted15K_2x2_Plate2_11.raw,F23,321.89693986704935,593.8672986457791,230.37178683429576,4635.924345052463,13709.52839342525,14017.938167666416,25123.88502278114,3.63,1,FALSE,0.00002407,0.000008282
FALSE,High,Sequest HT (A2),Unambiguous,[K].gLGkGGAkR.[H],N-Term(TMT6plex); K4(Acetyl); K8(Acetyl),1,P62805,P62805,2,2,0.3695,0,1,1,578.85354,1156.69981,1156.69997,-0.14,-0.00008,HCD (High Energy Collision Dissociation),34,MS2,41.35728,13,100,37.8018,6149,190513X_JvsU_targeted15K_2x2_Plate2_2.raw,F14,452.27958411381013,706.5986969574124,1778.9802079456476,1129.3908344362605,824.8489157977567,1161.530766754223,481.0871336721897,2.95,1,FALSE,0.00006061,0.0001988
FALSE,High,Sequest HT (A2),Unambiguous,[R].kqERAAAAAAAAAk.[N],N-Term(TMT6plex); K1(Acetyl); Q2(Deamidated); K14(TMT6plex),1,Q99453,Q99453,2,2,0.0804,0,1,1,915.03426,1829.06125,1829.06452,-1.79,-0.00164,HCD (High Energy Collision Dissociation),34,MS2,0,10.2,100,75.7603,22218,190513X_JvsU_targeted15K_2x2_Plate2_8.raw,F20,2494.2485281118306,3782.6263783964723,12364.193697802171,1912.0987419788873,6960.277463343956,3082.4733423772454,12245.548448811902,3.73,1,FALSE,0.00006061,0.0002005
FALSE,High,Sequest HT (A2),Unambiguous,[R].kqERAAAAAAAAAk.[N],N-Term(TMT6plex); K1(Acetyl); Q2(Deamidated); K14(TMT6plex),1,Q99453,Q99453,2,3,0.0823,0,1,1,610.35813,1829.05983,1829.06452,-2.56,-0.00156,HCD (High Energy Collision Dissociation),34,MS2,23.36409,14.7,64.833,75.787,22229,190513X_JvsU_targeted15K_2x2_Plate2_8.raw,F20,6518.914758808187,11614.709722424008,27863.39831459369,39221.46086242592,37964.051960629,35664.11988532353,34749.67041327068,3.16,1,FALSE,0.00007366,0.0002678
FALSE,High,Sequest HT (A2),Unambiguous,[R].kqERAAAAAAAAAk.[N],N-Term(TMT6plex); K1(Acetyl); Q2(Deamidated); K14(TMT6plex),1,Q99453,Q99453,2,3,0.0481,0,1,1,610.35975,1829.06469,1829.06452,0.1,0.00006,HCD (High Energy Collision Dissociation),34,MS2,18.65483,11.2,68.284,71.1315,18652,190513X_JvsU_targeted15K_2x2_Plate2_11.raw,F23,881.5636701407224,1707.0731825581954,3430.8775473946366,4057.0584099170446,3432.2155663284725,3645.031471384749,4802.7598094739005,3.74,1,FALSE,0.00007366,0.0004167
FALSE,High,Sequest HT (A2),Unambiguous,[K].gLGkGGAkR.[H],N-Term(TMT6plex); K4(Acetyl); K8(Acetyl),1,P62805,P62805,2,2,0.3444,0,1,1,578.85447,1156.70167,1156.69997,1.47,0.00085,HCD (High Energy Collision Dissociation),34,MS2,43.24591,16.4,100,33.307,3169,190513X_JvsU_targeted15K_2x2_Plate2_11.raw,F23,2027.0062264353883,4006.9039819527925,15032.223776260804,8264.898661684945,9220.293404281325,17740.87841655972,8097.095137355442,3.02,1,FALSE,0.00007366,0.0002553
FALSE,High,Sequest HT (A2),Unambiguous,[K].gLGkGGAkR.[H],N-Term(TMT6plex); K4(Acetyl); K8(Acetyl),1,P62805,P62805,2,2,0.379,0,1,1,578.85351,1156.69974,1156.69997,-0.2,-0.00012,HCD (High Energy Collision Dissociation),34,MS2,49.04886,11.6,100,38.2777,6766,190513X_JvsU_targeted15K_2x2_Plate2_6.raw,F18,259.4564585091639,259.02484777287054,884.4081149901934,1549.4181521874307,1161.2753855718736,1301.344520347763,1553.0141559410154,2.48,1,FALSE,0.00007366,0.0003968
FALSE,High,Sequest HT (A2),Unambiguous,[R].kQLATkAAR.[K],N-Term(TMT6plex); K1(Acetyl); K6(Acetyl),4,P84243; P68431,P84243; Q6NXT2; P68431; Q71DI3,2,2,0.4189,0,1,1,650.40006,1299.79284,1299.7946,-1.36,-0.00088,HCD (High Energy Collision Dissociation),34,MS2,51.71804,45.2,100,41.582,7950,190513X_JvsU_targeted15K_2x2_Plate2_10.raw,F22,85554.52730749508,668732.3060598638,851167.3588622222,1452034.0674232584,1491774.1582429172,1140914.8061846208,1500998.4842672313,2.22,2,FALSE,0.0000864,0.000633
FALSE,High,Sequest HT (A2),Unambiguous,[R].kQLATkAAR.[K],N-Term(TMT6plex); K1(Acetyl); K6(Acetyl),4,P84243; P68431,P84243; Q6NXT2; P68431; Q71DI3,2,2,0.5464,0,1,1,650.40029,1299.79331,1299.7946,-0.99,-0.00065,HCD (High Energy Collision Dissociation),34,MS2,38.51958,24.5,100,38.2783,5060,190513X_JvsU_targeted15K_2x2_Plate2_3.raw,F15,2381.3578362828184,14859.88235151476,38392.41873889781,260832.2395247933,122572.76125922056,149767.17100187403,204575.73167410196,2.8,2,FALSE,0.0000864,0.0004519
FALSE,High,Sequest HT (A2),Unambiguous,[R].kQLATkAAR.[K],N-Term(TMT6plex); K1(TMT6plex); K6(Acetyl),4,P84243; P68431,P84243; Q6NXT2; P68431; Q71DI3,2,2,0.2958,0,1,1,743.97641,1486.94554,1486.94697,-0.96,-0.00071,HCD (High Energy Collision Dissociation),34,MS2,0,9.2,100,37.9298,5004,190513X_JvsU_targeted15K_2x2_Plate2_9.raw,F21,738.0391004605066,1817.8011050007426,1554.417261156782,3246.5776279326665,6011.422041095625,5427.457098924914,5727.268689315394,2.4,2,FALSE,0.0000864,0.0005805
FALSE,High,Sequest HT (A2),Unambiguous,[K].gLGkGGAk.[CR],N-Term(TMT6plex); K4(Acetyl); K8(TMT6plex),2,P62805,Q99525; P62805,1,2,0.1312,0,1,1,594.37868,1187.75008,1187.75123,-0.97,-0.00058,HCD (High Energy Collision Dissociation),34,MS2,18.23517,15.9,100,40.1923,7511,190513X_JvsU_targeted15K_2x2_Plate2_4.raw,F16,1067.0085959393296,1737.1610915283893,3100.841220288761,11725.21617346414,10347.534512717002,37090.51167365672,13317.984422745492,2.82,1,FALSE,0.0000864,0.0005856
FALSE,High,Sequest HT (A2),Unambiguous,[R].kQLATkAAR.[K],N-Term(TMT6plex); K1(Acetyl); K6(Acetyl),4,P84243; P68431,P84243; Q6NXT2; P68431; Q71DI3,2,2,0.4247,0,1,1,650.40034,1299.79341,1299.7946,-0.92,-0.0006,HCD (High Energy Collision Dissociation),34,MS2,25.4853,29.3,100,38.2943,4827,190513X_JvsU_targeted15K_2x2_Plate2_1.raw,F13,6949.051063870348,38633.951293926206,48919.630948264625,915378.8570135044,297828.21153369354,205345.05414634862,278416.76347417594,2.99,2,FALSE,0.0000864,0.0006426
FALSE,High,Sequest HT (A2),Unambiguous,[R].kQLATkAAR.[K],N-Term(TMT6plex); K1(TMT6plex); K6(Acetyl),4,P84243; P68431,P84243; Q6NXT2; P68431; Q71DI3,2,3,0.2444,0,1,1,496.32012,1486.9458,1486.94697,-0.78,-0.00039,HCD (High Energy Collision Dissociation),34,MS2,0.4661094,7.6,2.402,41.3298,7200,190513X_JvsU_targeted15K_2x2_Plate2_12.raw,F24,3008895.452623894,3727300.20263986,5743246.279470658,5497250.25913714,4996676.579461591,7126887.640463704,3473268.4383438267,3.56,2,FALSE,0.0000864,0.0005704
FALSE,High,Sequest HT (A2),Unambiguous,[R].kSTGGkAPR.[K],N-Term(TMT6plex); K1(Acetyl); K6(Acetyl),5,P84243; P68431,P84243; Q16695; Q6NXT2; P68431; Q71DI3,2,2,0.4777,0,1,1,607.85538,1214.70348,1214.70545,-1.62,-0.00098,HCD (High Energy Collision Dissociation),34,MS2,7.978542,1.6,100,34.0739,4878,190513X_JvsU_targeted15K_2x2_Plate2_10.raw,F22,36.91544478990783,31.40781376606838,49.10165112851168,234.23776589690138,101.22530678108296,148.5197507527015,199.7284841022207,2.24,2,FALSE,0.0000864,0.0004692
FALSE,High,Sequest HT (A2),Unambiguous,[R].kQLATkAAR.[K],N-Term(TMT6plex); K1(Acetyl); K6(Acetyl),4,P84243; P68431,P84243; Q6NXT2; P68431; Q71DI3,2,2,0.4817,0,1,1,650.40022,1299.79317,1299.7946,-1.1,-0.00071,HCD (High Energy Collision Dissociation),34,MS2,9.60402,18.2,100,42.1461,7537,190513X_JvsU_targeted15K_2x2_Plate2_12.raw,F24,7955.931486381635,11469.506608511918,83586.5700005262,6245.087221694721,6642.59491009908,8575.269438100007,7118.880248268881,3.01,2,FALSE,0.00009926,0.0006538
FALSE,High,Sequest HT (A2),Unambiguous,[K].gLGkGGAk.[CR],N-Term(TMT6plex); K4(Acetyl); K8(TMT6plex),2,P62805,Q99525; P62805,1,2,0.1207,0,1,1,594.37829,1187.7493,1187.75123,-1.62,-0.00096,HCD (High Energy Collision Dissociation),34,MS2,0,22.7,100,37.9826,5080,190513X_JvsU_targeted15K_2x2_Plate2_11.raw,F23,3179.7727345254216,4459.990309803439,23771.393586235747,19346.35313652539,28026.06112831632,38152.394359089114,32519.11271688343,3.48,1,FALSE,0.00009926,0.0008687
FALSE,High,Sequest HT (A2),Unambiguous,[K].gLGkGGAk.[CR],N-Term(TMT6plex); K4(Acetyl); K8(TMT6plex),2,P62805,Q99525; P62805,1,2,0.1032,0,1,1,594.37893,1187.75058,1187.75123,-0.55,-0.00033,HCD (High Energy Collision Dissociation),34,MS2,25.30022,25.1,100,40.9203,7951,190513X_JvsU_targeted15K_2x2_Plate2_8.raw,F20,3952.6445522344748,10786.28330818186,32837.93592305694,29581.745887781,32008.99411641076,24034.572020290303,50003.033506190266,3.39,1,FALSE,0.00009926,0.0008379
FALSE,High,Sequest HT (A2),Unambiguous,[K].gLGkGGAk.[CR],N-Term(TMT6plex); K4(Acetyl); K8(TMT6plex),2,P62805,Q99525; P62805,1,2,0.0505,0,1,1,594.37899,1187.75071,1187.75123,-0.44,-0.00026,HCD (High Energy Collision Dissociation),34,MS2,0,17.6,100,37.945,4910,190513X_JvsU_targeted15K_2x2_Plate2_7.raw,F19,2000.8958414731744,11716.247608030233,18168.892170521667,8823.644758907443,14078.554729503114,9066.83202194979,11526.554293282625,2.97,1,FALSE,0.00009926,0.0007005
FALSE,High,Sequest HT (A2),Unambiguous,[K].gLGkGGAk.[CR],N-Term(TMT6plex); K4(Acetyl); K8(TMT6plex),2,P62805,Q99525; P62805,1,2,0.1293,0,1,1,594.37857,1187.74986,1187.75123,-1.15,-0.00069,HCD (High Energy Collision Dissociation),34,MS2,0,20.8,100,37.9031,4993,190513X_JvsU_targeted15K_2x2_Plate2_9.raw,F21,2492.5881331281794,9809.269205410887,7094.822687858947,11876.428416638413,10885.925997037553,8401.257510478401,10435.383187449237,3.48,1,FALSE,0.00009926,0.0006717
FALSE,High,Sequest HT (A2),Unambiguous,[K].gLGkGGAkR.[H],N-Term(TMT6plex); K4(Acetyl); K8(Acetyl),1,P62805,P62805,2,2,0.3434,0,1,1,578.85369,1156.7001,1156.69997,0.11,0.00007,HCD (High Energy Collision Dissociation),34,MS2,54.43063,17.7,100,33.5933,3152,190513X_JvsU_targeted15K_2x2_Plate2_3.raw,F15,4755.639797075296,11758.423979103549,26383.841618778868,13531.64846818905,15239.408422430439,14578.664682087725,17746.656823228954,2.65,1,FALSE,0.0001422,0.0009233
FALSE,High,Sequest HT (A2),Unambiguous,[K].gLGkGGAk.[CR],N-Term(TMT6plex); K4(Acetyl); K8(TMT6plex),2,P62805,Q99525; P62805,1,2,0.127,0,1,1,594.37781,1187.74835,1187.75123,-2.42,-0.00144,HCD (High Energy Collision Dissociation),34,MS2,42.39342,26.1,100,38.0757,4977,190513X_JvsU_targeted15K_2x2_Plate2_3.raw,F15,7448.625076121123,19855.88232532456,43495.0059337588,29822.55840340347,31945.66154097695,34546.92336549518,42130.997521410485,3.15,1,FALSE,0.0001422,0.000924
FALSE,High,Sequest HT (A2),Unambiguous,[R].kQLATkAAR.[K],N-Term(TMT6plex); K1(TMT6plex); K6(Acetyl),4,P84243; P68431,P84243; Q6NXT2; P68431; Q71DI3,2,2,0.3636,0,1,1,743.97689,1486.9465,1486.94697,-0.32,-0.00023,HCD (High Energy Collision Dissociation),34,MS2,0,10.7,100,38.0136,5093,190513X_JvsU_targeted15K_2x2_Plate2_11.raw,F23,147.96361262743756,159.26020602796984,284.7651505009415,1759.3032337828722,8184.760448232699,8607.897519385124,10330.719380878587,2.86,2,FALSE,0.0001422,0.0009244
FALSE,High,Sequest HT (A2),Unambiguous,[K].gLGkGGAkR.[H],N-Term(TMT6plex); K4(Acetyl); K8(Acetyl),1,P62805,P62805,2,2,0.3376,0,1,1,578.85411,1156.70094,1156.69997,0.84,0.00048,HCD (High Energy Collision Dissociation),34,MS2,64.46108,16.3,100,33.5515,3131,190513X_JvsU_targeted15K_2x2_Plate2_5.raw,F17,2274.322528074944,7016.47986336354,22271.69252436743,14081.245529956002,19687.222529303603,12381.56964791832,14361.187125423086,2.37,1,FALSE,0.0001422,0.0009665
FALSE,High,Sequest HT (A2),Unambiguous,[K].gLGkGGAk.[CR],N-Term(TMT6plex); K4(Acetyl); K8(TMT6plex),2,P62805,Q99525; P62805,1,2,0.1322,0,1,1,594.37898,1187.75068,1187.75123,-0.46,-0.00027,HCD (High Energy Collision Dissociation),34,MS2,18.79036,56.5,100,40.389,7472,190513X_JvsU_targeted15K_2x2_Plate2_10.raw,F22,93755.2316550529,1175736.3408997941,1162703.4280230263,1314169.656882569,1341483.9099794894,1033638.5310970438,1331785.5469659015,3.48,1,FALSE,0.0001554,0.001273
FALSE,High,Sequest HT (A2),Unambiguous,[K].gLGkGGAkR.[H],N-Term(TMT6plex); K4(Acetyl); K8(Acetyl),1,P62805,P62805,2,2,0.3674,0,1,1,578.85321,1156.69915,1156.69997,-0.71,-0.00041,HCD (High Energy Collision Dissociation),34,MS2,32.83555,20,100,37.512,6417,190513X_JvsU_targeted15K_2x2_Plate2_4.raw,F16,3649.552776657814,11221.70723395926,14613.992637744612,6939.429256238154,5081.353971424764,4866.488597722662,11099.395538538449,3.13,1,FALSE,0.0001554,0.001279
FALSE,High,Sequest HT (A2),Unambiguous,[K].aSASSSAkk.[R],N-Term(TMT6plex); K8(Acetyl); K9(TMT6plex),3,Q5VYM1,Q5VYM1-2; Q5VYM1-3; Q5VYM1,1,2,0.1938,0,1,1,668.89548,1336.78369,1336.78365,0.03,0.00002,HCD (High Energy Collision Dissociation),34,MS2,0,10.9,100,39.2424,7260,190513X_JvsU_targeted15K_2x2_Plate2_8.raw,F20,241.3101170599833,409.52506251178306,957.7986186263116,275.2243919557871,372.90645014909944,298.1838777019242,417.2674005515226,2.89,1,FALSE,0.0001554,0.001385
FALSE,High,Sequest HT (A2),Unambiguous,[K].qLATkAAR.[K],N-Term(TMT6plex); K5(Acetyl),4,P84243; P68431,P84243; Q6NXT2; P68431; Q71DI3,1,2,0.4211,0,1,1,565.34783,1129.68838,1129.68907,-0.62,-0.00035,HCD (High Energy Collision Dissociation),34,MS2,41.9727,46.7,32.598,32.798,2923,190513X_JvsU_targeted15K_2x2_Plate2_9.raw,F21,371540.30345919007,259834.41888722128,273440.74298179557,31491.20418413321,32849.836450942734,29571.525113786338,50707.66969019588,2.09,2,FALSE,0.0001782,0.001488
FALSE,High,Sequest HT (A2),Unambiguous,[-].mESYHkPDQQk.[L],N-Term(Prot)(Acetyl); N-Term(TMT6plex); K6(TMT6plex); K11(TMT6plex),2,P29401,P29401; P29401-2,0,3,0.4848,0,1,1,707.38425,2120.1382,2120.14134,-1.48,-0.00104,HCD (High Energy Collision Dissociation),34,MS2,50.12021,9.6,100,46.7843,10205,190513X_JvsU_targeted15K_2x2_Plate2_4.raw,F16,110.95480198805868,137.63531242435494,377.1498730391233,331.30300462412475,404.42126605938495,344.7796130087151,321.0639682599398,1.98,1,FALSE,0.0001782,0.001485
FALSE,High,Sequest HT (A2),Unambiguous,[K].gLGkGGAkR.[H],N-Term(TMT6plex); K4(Acetyl); K8(Acetyl),1,P62805,P62805,2,2,0.3221,0,1,1,578.85443,1156.70159,1156.69997,1.4,0.00081,HCD (High Energy Collision Dissociation),34,MS2,54.69178,20.7,100,32.8441,2654,190513X_JvsU_targeted15K_2x2_Plate2_1.raw,F13,5428.574245378682,16349.242072259594,41024.47914857871,22343.480375715077,20256.454423991774,20299.44204680882,20702.243851859515,2.98,1,FALSE,0.0001782,0.001515
FALSE,High,Sequest HT (A2),Unambiguous,[R].kQLATkAAR.[K],N-Term(TMT6plex); K1(TMT6plex); K6(Acetyl),4,P84243; P68431,P84243; Q6NXT2; P68431; Q71DI3,2,3,0.3072,0,1,1,496.32002,1486.9455,1486.94697,-0.99,-0.00049,HCD (High Energy Collision Dissociation),34,MS2,1.994638,9,16.88,39.7481,7332,190513X_JvsU_targeted15K_2x2_Plate2_4.raw,F16,278004.3187858747,275285.93873317685,353401.9167113836,50710.420998642425,19760.24228280361,24521.097275148157,53472.01134479311,3.19,2,FALSE,0.0001782,0.001533
FALSE,High,Sequest HT (A2),Unambiguous,[R].kqERAAAAAAAAAk.[N],N-Term(TMT6plex); K1(Acetyl); Q2(Deamidated); K14(TMT6plex),1,Q99453,Q99453,2,3,0.1226,0,1,1,610.35755,1829.0581,1829.06452,-3.51,-0.00214,HCD (High Energy Collision Dissociation),34,MS2,49.75555,17.9,100,75.5453,21224,190513X_JvsU_targeted15K_2x2_Plate2_12.raw,F24,4219.704659364367,3360.5877939991738,18483.01999706157,11395.450396005162,8571.170888062228,8183.748594569428,11591.734398416169,3.18,1,FALSE,0.0001782,0.001543
FALSE,High,Sequest HT (A2),Unambiguous,[R].kQLATkAAR.[K],N-Term(TMT6plex); K1(Acetyl); K6(Acetyl),4,P84243; P68431,P84243; Q6NXT2; P68431; Q71DI3,2,2,0.4615,0,1,1,650.39981,1299.79234,1299.7946,-1.74,-0.00113,HCD (High Energy Collision Dissociation),34,MS2,66.36509,72,55.386,41.4715,8038,190513X_JvsU_targeted15K_2x2_Plate2_4.raw,F16,2640801.8885696735,21657756.37191548,26405289.111340865,40118190.95637186,50105280.19394754,29460232.11556717,43798382.08150194,1.95,2,FALSE,0.0002037,0.001963
FALSE,High,Sequest HT (A2),Unambiguous,[K].qLATkAAR.[K],N-Term(TMT6plex); K5(Acetyl),4,P84243; P68431,P84243; Q6NXT2; P68431; Q71DI3,1,2,0.3831,0,1,1,565.34792,1129.68856,1129.68907,-0.45,-0.00026,HCD (High Energy Collision Dissociation),34,MS2,31.1841,47.9,34.547,33.0162,2920,190513X_JvsU_targeted15K_2x2_Plate2_5.raw,F17,458855.50401684444,367670.0729820792,759615.9776934157,197924.10898084208,146340.29259358998,189914.54127664413,189257.7381545625,2.48,2,FALSE,0.0002037,0.002257
FALSE,High,Sequest HT (A2),Unambiguous,[R].kSTGGkAPR.[K],N-Term(TMT6plex); K1(TMT6plex); K6(Acetyl),5,P84243; P68431,P84243; Q16695; Q6NXT2; P68431; Q71DI3,2,3,0.3991,0,1,1,467.9569,1401.85616,1401.85782,-1.19,-0.00055,HCD (High Energy Collision Dissociation),34,MS2,33.04364,18.6,100,34.4961,5210,190513X_JvsU_targeted15K_2x2_Plate2_6.raw,F18,1155.7833823319988,4797.433016132165,8641.634309548333,983.9782983591684,806.5522301915267,1452.1749295650106,469.13109857317437,2.33,2,FALSE,0.0002147,0.00233
FALSE,High,Sequest HT (A2),Unambiguous,[-].mESYHkPDQQk.[L],N-Term(Prot)(Acetyl); N-Term(TMT6plex); K6(TMT6plex); K11(TMT6plex),2,P29401,P29401; P29401-2,0,3,0.4064,0,1,1,707.38373,2120.13663,2120.14134,-2.22,-0.00157,HCD (High Energy Collision Dissociation),34,MS2,48.60736,9.4,100,43.8615,7277,190513X_JvsU_targeted15K_2x2_Plate2_7.raw,F19,1002.4948912516202,1456.7010729472736,2592.866696937118,1819.4299600112465,2386.4021702295763,1582.4212090944834,1446.9608594163053,1.87,1,FALSE,0.0002147,0.002502
FALSE,High,Sequest HT (A2),Unambiguous,[R].kQLATkAAR.[K],N-Term(TMT6plex); K1(Acetyl); K6(Acetyl),4,P84243; P68431,P84243; Q6NXT2; P68431; Q71DI3,2,2,0.4897,0,1,1,650.40038,1299.79349,1299.7946,-0.86,-0.00056,HCD (High Energy Collision Dissociation),34,MS2,17.51669,22.4,100,38.1989,5115,190513X_JvsU_targeted15K_2x2_Plate2_9.raw,F21,3848.3876366889604,9619.326275884052,12780.319609899789,249261.72904061415,49490.71144457647,72019.45825611797,86384.27879252339,2.92,2,FALSE,0.0002147,0.002552
FALSE,High,Sequest HT (A2),Unambiguous,[R].dAGEGLLAVqITDqEGkPkR.[A],N-Term(TMT6plex); Q10(Deamidated); Q14(Deamidated); K17(Acetyl); K19(TMT6plex),9,O75369,O75369-9; O75369-5; O75369-2; O75369-8; O75369-7; O75369-4; O75369-6; O75369; O75369-3,1,3,0.0169,0,1,1,876.47963,2627.42434,2627.42923,-1.86,-0.00163,HCD (High Energy Collision Dissociation),34,MS2,81.59792,11.2,100,75.3953,22068,190513X_JvsU_targeted15K_2x2_Plate2_8.raw,F20,520.794453101533,862.2004014596962,2082.8401267733007,2325.4163102584525,2691.763662482333,3328.309162832733,3216.0484639076794,2.37,1,FALSE,0.0002831,0.002796
FALSE,High,Sequest HT (A2),Unambiguous,[R].dAGEGLLAVqITDqEGkPkR.[A],N-Term(TMT6plex); Q10(Deamidated); Q14(Deamidated); K17(TMT6plex); K19(Acetyl),9,O75369,O75369-9; O75369-5; O75369-2; O75369-8; O75369-7; O75369-4; O75369-6; O75369; O75369-3,1,3,0.0169,0,1,2,876.47963,2627.42434,2627.42923,-1.86,-0.00163,HCD (High Energy Collision Dissociation),34,MS2,81.59792,11.2,100,75.3953,22068,190513X_JvsU_targeted15K_2x2_Plate2_8.raw,F20,520.794453101533,862.2004014596962,2082.8401267733007,2325.4163102584525,2691.763662482333,3328.309162832733,3216.0484639076794,2.37,1,FALSE,0.0002831,0.002796
FALSE,High,Sequest HT (A2),Unambiguous,[K].qLATkAAR.[K],N-Term(TMT6plex); K5(Acetyl),4,P84243; P68431,P84243; Q6NXT2; P68431; Q71DI3,1,2,0.3647,0,1,1,565.34786,1129.68844,1129.68907,-0.56,-0.00032,HCD (High Energy Collision Dissociation),34,MS2,35.0817,51.6,34.587,33.0499,2933,190513X_JvsU_targeted15K_2x2_Plate2_5.raw,F17,393403.3434155402,321596.57347259443,534533.8075456636,140241.4259891871,136914.41237215628,175673.08861659488,147029.85861696582,2.55,2,FALSE,0.0003633,0.003066
FALSE,High,Sequest HT (A2),Unambiguous,[R].kQLATkAAR.[K],N-Term(TMT6plex); K1(TMT6plex); K6(Acetyl),4,P84243; P68431,P84243; Q6NXT2; P68431; Q71DI3,2,2,0.2458,0,1,1,743.97633,1486.94539,1486.94697,-1.06,-0.00079,HCD (High Energy Collision Dissociation),34,MS2,0,9.8,100,38.0339,4947,190513X_JvsU_targeted15K_2x2_Plate2_7.raw,F19,1913.5214068564628,3368.541411800086,5697.193162148095,2031.2086483086346,3399.0993238516685,2711.2654535475913,3107.4667196782243,2.4,2,FALSE,0.0004016,0.003332
FALSE,High,Sequest HT (A2),Unambiguous,[R].kQLATkAAR.[K],N-Term(TMT6plex); K1(Acetyl); K6(Acetyl),4,P84243; P68431,P84243; Q6NXT2; P68431; Q71DI3,2,2,0.5098,0,1,1,650.40027,1299.79327,1299.7946,-1.02,-0.00067,HCD (High Energy Collision Dissociation),34,MS2,14.06471,24.8,100,38.176,5160,190513X_JvsU_targeted15K_2x2_Plate2_11.raw,F23,1299.4842496118397,3779.2690847839017,9268.820027643435,274624.37740504625,109367.48732321341,180870.3393175803,164746.04672170395,2.55,2,FALSE,0.0004136,0.003402
FALSE,High,Sequest HT (A2),Unambiguous,[R].kQLATkAAR.[K],N-Term(TMT6plex); K1(Acetyl); K6(Acetyl),4,P84243; P68431,P84243; Q6NXT2; P68431; Q71DI3,2,2,0.3526,0,1,1,650.4,1299.79272,1299.7946,-1.45,-0.00094,HCD (High Energy Collision Dissociation),34,MS2,74.97623,82.5,68.953,41.6122,8236,190513X_JvsU_targeted15K_2x2_Plate2_8.raw,F20,1341197.671526514,12879124.027885193,19869173.874559738,57206778.0984559,43870153.915310554,34273490.269448765,42877431.31050487,1.73,2,FALSE,0.0004405,0.003479
FALSE,High,Sequest HT (A2),Unambiguous,[R].kQLATkAAR.[K],N-Term(TMT6plex); K1(Acetyl); K6(Acetyl),4,P84243; P68431,P84243; Q6NXT2; P68431; Q71DI3,2,2,0.4684,0,1,1,650.40043,1299.7936,1299.7946,-0.77,-0.0005,HCD (High Energy Collision Dissociation),34,MS2,18.83322,27.8,100,38.3967,5096,190513X_JvsU_targeted15K_2x2_Plate2_7.raw,F19,7059.776146749802,32868.59179478706,53547.5500143862,310325.9893835583,142059.95650423027,140791.58005212076,127829.50347905817,3.16,2,FALSE,0.0004647,0.003609
FALSE,High,Sequest HT (A2),Unambiguous,[R].kqERAAAAAAAAAk.[N],N-Term(TMT6plex); K1(Acetyl); Q2(Deamidated); K14(TMT6plex),1,Q99453,Q99453,2,3,0.1056,0,1,1,610.35699,1829.05643,1829.06452,-4.42,-0.0027,HCD (High Energy Collision Dissociation),34,MS2,42.20176,16.8,58.815,75.8739,21680,190513X_JvsU_targeted15K_2x2_Plate2_2.raw,F14,nan,nan,nan,87331.69690342157,71768.02761937385,53649.473108785336,51540.905196327694,2.84,1,FALSE,0.0004647,0.003643
FALSE,High,Sequest HT (A2),Unambiguous,[R].kQLATkAAR.[K],N-Term(TMT6plex); K1(Acetyl); K6(Acetyl),4,P84243; P68431,P84243; Q6NXT2; P68431; Q71DI3,2,2,0.3775,0,1,1,650.40116,1299.79505,1299.7946,0.34,0.00022,HCD (High Energy Collision Dissociation),34,MS2,31.83459,18.6,100,42.7784,8620,190513X_JvsU_targeted15K_2x2_Plate2_6.raw,F18,3204.3965390141952,8855.246849460966,13054.326193037055,17411.469519448332,15711.53241541874,17894.541324420457,18050.470688646175,2.04,2,FALSE,0.0005432,0.003874
FALSE,High,Sequest HT (A2),Unambiguous,[R].kqERAAAAAAAAAk.[N],N-Term(TMT6plex); K1(Acetyl); Q2(Deamidated); K14(TMT6plex),1,Q99453,Q99453,2,3,0.1473,0,1,1,610.35726,1829.05725,1829.06452,-3.98,-0.00242,HCD (High Energy Collision Dissociation),34,MS2,43.30903,31.4,93.186,75.7552,22035,190513X_JvsU_targeted15K_2x2_Plate2_4.raw,F16,134987.6786652664,198887.53672052862,357905.06575051934,359590.4443022641,359402.43091956276,205630.3094004886,249815.1037062057,2.58,1,FALSE,0.0005528,0.003909
FALSE,High,Sequest HT (A2),Unambiguous,[K].gLGkGGAkR.[H],N-Term(TMT6plex); K4(Acetyl); K8(Acetyl),1,P62805,P62805,2,2,0.374,0,1,1,578.85322,1156.69916,1156.69997,-0.7,-0.00041,HCD (High Energy Collision Dissociation),34,MS2,49.38018,10.3,100,37.9379,6723,190513X_JvsU_targeted15K_2x2_Plate2_8.raw,F20,336.93716852773747,185.36632366584357,1143.4362827316372,1080.3362543072747,806.792578239138,630.608281425461,1532.0218162887948,2.62,1,FALSE,0.0005963,0.004257
FALSE,High,Sequest HT (A2),Unambiguous,[-].mEkTLETVPLER.[K],N-Term(TMT6plex); K3(Acetyl),1,P22626,P22626,1,2,0.0245,0,1,1,858.97325,1716.93922,1716.94034,-0.65,-0.00056,HCD (High Energy Collision Dissociation),34,MS2,10.34973,10.8,100,68.7839,18441,190513X_JvsU_targeted15K_2x2_Plate2_12.raw,F24,2523.3299127954597,3355.161790886463,10608.994673397541,180.73016988201985,478.348225047611,338.46820355987296,256.65964730019226,3.27,1,FALSE,0.0006322,0.004821
FALSE,High,Sequest HT (A2),Unambiguous,[R].kSTGGkAPR.[K],N-Term(TMT6plex); K1(Acetyl); K6(Acetyl),5,P84243; P68431,P84243; Q16695; Q6NXT2; P68431; Q71DI3,2,2,0.4469,0,1,1,607.85495,1214.70263,1214.70545,-2.32,-0.00141,HCD (High Energy Collision Dissociation),34,MS2,9.336763,2.4,100,34.0501,5027,190513X_JvsU_targeted15K_2x2_Plate2_6.raw,F18,42.70162250911564,48.92960237816609,74.75012184812064,184.13075829213648,48.5840706962715,126.66362675976127,164.66824157782133,2.26,2,FALSE,0.000645,0.004888
FALSE,High,Sequest HT (A2),Unambiguous,[-].mESYHkPDQQk.[L],N-Term(Prot)(Acetyl); N-Term(TMT6plex); K6(TMT6plex); K11(TMT6plex),2,P29401,P29401; P29401-2,0,3,0.4313,0,1,1,707.38413,2120.13785,2120.14134,-1.64,-0.00116,HCD (High Energy Collision Dissociation),34,MS2,43.44048,9.2,100,47.2227,9628,190513X_JvsU_targeted15K_2x2_Plate2_12.raw,F24,484.3747868881708,373.3002274732601,2493.5164244271036,220.610942175037,234.4904189241168,143.78361918433117,223.90978250952543,2.11,1,FALSE,0.0006563,0.00499
FALSE,High,Sequest HT (A2),Unambiguous,[R].kqERAAAAAAAAAk.[N],N-Term(TMT6plex); K1(Acetyl); Q2(Deamidated); K14(TMT6plex),1,Q99453,Q99453,2,3,0.1156,0,1,1,610.35745,1829.05779,1829.06452,-3.68,-0.00224,HCD (High Energy Collision Dissociation),34,MS2,34.82326,19.7,100,75.6169,21856,190513X_JvsU_targeted15K_2x2_Plate2_10.raw,F22,4758.349506446463,16320.971291838272,26656.153747356224,44934.000612727235,38845.70962936844,47693.3912321323,34980.513399994226,3.46,1,FALSE,0.0007035,0.005242
FALSE,High,Sequest HT (A2),Unambiguous,[K].qLATkAAR.[K],N-Term(TMT6plex); K5(Acetyl),4,P84243; P68431,P84243; Q6NXT2; P68431; Q71DI3,1,2,0.3086,0,1,1,565.34801,1129.68874,1129.68907,-0.29,-0.00016,HCD (High Energy Collision Dissociation),34,MS2,64.32783,78.2,76.083,38.1653,6816,190513X_JvsU_targeted15K_2x2_Plate2_8.raw,F20,128075.65241307237,38174.28598610562,92967.88252167648,9969.533920468579,9061.730289228572,3728.382946364599,10447.21865096158,1.62,2,FALSE,0.0007271,0.005411
FALSE,High,Sequest HT (A2),Unambiguous,[K].aSASSSAkk.[R],N-Term(TMT6plex); K8(Acetyl); K9(TMT6plex),3,Q5VYM1,Q5VYM1-2; Q5VYM1-3; Q5VYM1,1,2,0.2769,0,1,1,668.89491,1336.78255,1336.78365,-0.83,-0.00055,HCD (High Energy Collision Dissociation),34,MS2,38.45219,35.3,100,34.1234,3181,190513X_JvsU_targeted15K_2x2_Plate2_1.raw,F13,22836.857134281738,68264.86298804086,149967.67507756333,673888.475180593,554149.3104278018,283917.08502771915,1354976.2222019974,2.42,1,FALSE,0.0007944,0.005904
FALSE,High,Sequest HT (A2),Unambiguous,[K].gLGkGGAkR.[H],N-Term(TMT6plex); K4(Acetyl); K8(Acetyl),1,P62805,P62805,2,2,0.3859,0,1,1,578.85383,1156.70039,1156.69997,0.36,0.00021,HCD (High Energy Collision Dissociation),34,MS2,55.81031,15.3,100,33.5776,3122,190513X_JvsU_targeted15K_2x2_Plate2_7.raw,F19,4921.283724697909,9837.117719670503,21394.6808148385,6689.811287308063,6213.019453167474,9755.127434334694,7510.406133291937,2.41,1,FALSE,0.0008483,0.006542
FALSE,High,Sequest HT (A2),Unambiguous,[R].kQLATkAAR.[K],N-Term(TMT6plex); K1(TMT6plex); K6(Acetyl),4,P84243; P68431,P84243; Q6NXT2; P68431; Q71DI3,2,3,0.4088,0,1,1,496.31985,1486.94501,1486.94697,-1.32,-0.00065,HCD (High Energy Collision Dissociation),34,MS2,53.3666,9.8,6.882,37.7775,4616,190513X_JvsU_targeted15K_2x2_Plate2_1.raw,F13,382272.2822161015,425630.2620455031,761319.8037060454,276283.14460485167,601298.567118651,371609.0368409362,770871.7883717678,1.81,2,FALSE,0.0008815,0.006893
FALSE,High,Sequest HT (A2),Unambiguous,[K].gLGkGGAkR.[H],N-Term(TMT6plex); K4(Acetyl); K8(Acetyl),1,P62805,P62805,2,2,0.3707,0,1,1,578.85412,1156.70096,1156.69997,0.86,0.0005,HCD (High Energy Collision Dissociation),34,MS2,49.29822,12.7,100,37.8117,6411,190513X_JvsU_targeted15K_2x2_Plate2_10.raw,F22,564.1981144070563,1043.5820849568956,1729.049687789246,976.7306041066856,662.9003882266908,1263.399732701248,998.1257579808266,2.59,1,FALSE,0.0009001,0.007003
FALSE,High,Sequest HT (A2),Unambiguous,[R].lGEHNIEVLEGNEqFInAAk.[I],N-Term(TMT6plex); Q14(Deamidated); N17(Deamidated); K20(Acetyl),3,P07477,P07477; P07478; Q8NHM4,0,3,0.0169,0,1,1,833.42889,2498.27211,2498.26122,4.36,0.00363,HCD (High Energy Collision Dissociation),34,MS2,33.64361,11.4,100,80.9225,23390,190513X_JvsU_targeted15K_2x2_Plate2_12.raw,F24,2404.0448154918763,3961.6519899315376,15813.436255275194,14409.205190646047,13518.522236160483,14015.063444031814,20989.29179280085,1.77,1,FALSE,0.0009001,0.006992
FALSE,High,Sequest HT (A2),Unambiguous,[-].mESYHkPDQQk.[L],N-Term(Prot)(Acetyl); N-Term(TMT6plex); K6(TMT6plex); K11(TMT6plex),2,P29401,P29401; P29401-2,0,3,0.4414,0,1,1,707.38448,2120.1389,2120.14134,-1.15,-0.00081,HCD (High Energy Collision Dissociation),34,MS2,31.13413,7.6,100,47.4838,10101,190513X_JvsU_targeted15K_2x2_Plate2_2.raw,F14,139.8129068333559,462.8036605640822,520.8201634597275,351.42670357338335,152.27743296969464,307.6694801013947,435.22901791075935,1.45,1,FALSE,0.0009001,0.007228
FALSE,High,Sequest HT (A2),Unambiguous,[K].vIHNSmCIAEIDLIPr.[D],N-Term(TMT6plex); M6(Oxidation); R16(Acetyl),3,P36897,P36897-2; P36897; P36897-3,0,3,0.1484,0,1,1,704.37787,2111.11906,2111.11905,0,0,HCD (High Energy Collision Dissociation),34,MS2,8.556606,11.2,100,85.4211,25811,190513X_JvsU_targeted15K_2x2_Plate2_10.raw,F22,2883.5595341798735,3510.2884921634504,7583.125500075311,17313.439673250854,18401.093079843486,11139.158829449418,7944.597711467433,1.55,1,FALSE,0.001051,0.007974
FALSE,High,Sequest HT (A2),Unambiguous,[K].kNrEEqVQk.[K],N-Term(TMT6plex); R3(Acetyl); Q6(Deamidated); K9(TMT6plex),3,Q8IWZ3,Q8IWZ3-6; Q8IWZ3; Q8IWZ3-4,2,3,0.1567,0,1,1,553.98531,1659.94137,1659.94301,-0.99,-0.00055,HCD (High Energy Collision Dissociation),34,MS2,16.2977,13,100,41.8563,8197,190513X_JvsU_targeted15K_2x2_Plate2_4.raw,F16,149.38568362737297,134.4423155865801,400.3779827910987,296.71471357419114,698.5141317115304,116.71083484715125,193.8965943375325,2.68,1,FALSE,0.001168,0.009157
FALSE,High,Sequest HT (A2),Unambiguous,[-].mEKTLETVPLER.[K],N-Term(Prot)(Acetyl); N-Term(TMT6plex),1,P22626,P22626,1,2,0.498,0,1,2,858.97236,1716.93744,1716.94034,-1.69,-0.00145,HCD (High Energy Collision Dissociation),34,MS2,0,7.6,100,68.6217,19280,190513X_JvsU_targeted15K_2x2_Plate2_8.raw,F20,114.20475344887682,136.7723920266867,291.5711475959611,90.83743216299325,104.90230591339434,83.89624158644023,92.14564054164697,2.45,1,FALSE,0.001198,0.009394
FALSE,High,Sequest HT (A2),Unambiguous,[-].mEkTLETVPLER.[K],N-Term(TMT6plex); K3(Acetyl),1,P22626,P22626,1,2,0.498,0,1,1,858.97236,1716.93744,1716.94034,-1.69,-0.00145,HCD (High Energy Collision Dissociation),34,MS2,0,7.6,100,68.6217,19280,190513X_JvsU_targeted15K_2x2_Plate2_8.raw,F20,nan,nan,nan,90.83743216299325,104.90230591339434,83.89624158644023,92.14564054164697,2.45,1,FALSE,0.001198,0.009394
FALSE,High,Sequest HT (A2),Unambiguous,[R].kSTGGkAPR.[K],N-Term(TMT6plex); K1(Acetyl); K6(Acetyl),5,P84243; P68431,P84243; Q16695; Q6NXT2; P68431; Q71DI3,2,2,0.5,0,1,1,607.85563,1214.70399,1214.70545,-1.21,-0.00073,HCD (High Energy Collision Dissociation),34,MS2,0,2.3,100,33.8221,5030,190513X_JvsU_targeted15K_2x2_Plate2_8.raw,F20,1907.3414696624054,1156.6766367351981,573.5264159916577,86149.83863187932,5274.089259762168,2590.5150699680053,3542.039490907778,2.1,2,FALSE,0.001198,0.00944
FALSE,High,Sequest HT (A2),Unambiguous,[R].lGqALLDSMDQEYAGrGYHIR.[D],N-Term(TMT6plex); Q3(Deamidated); R16(Acetyl),1,Q9H560,Q9H560,1,3,0.0545,0,1,1,889.11407,2665.32767,2665.32417,1.31,0.00117,HCD (High Energy Collision Dissociation),34,MS2,42.78841,5.9,100,89.349,25747,190513X_JvsU_targeted15K_2x2_Plate2_11.raw,F23,2787.254223288659,4745.972106517634,7582.531637494072,3292.9199891961,6686.92000236637,3444.0065382716266,6117.832759754465,1.65,1,FALSE,0.001198,0.009491
FALSE,High,Sequest HT (A2),Unambiguous,[R].kQLATkAAR.[K],N-Term(TMT6plex); K1(Acetyl); K6(Acetyl),4,P84243; P68431,P84243; Q6NXT2; P68431; Q71DI3,2,2,0.4239,0,1,1,650.40097,1299.79466,1299.7946,0.04,0.00003,HCD (High Energy Collision Dissociation),34,MS2,27.34593,27.9,77.182,38.4471,5134,190513X_JvsU_targeted15K_2x2_Plate2_5.raw,F17,15445.731975834475,51205.81019139834,52633.31812467521,1402645.7672217346,418719.9489605881,309057.21352722705,422662.76827373606,2.76,2,FALSE,0.001221,0.009635
FALSE,High,Sequest HT (A2),Unambiguous,[K].qLATkAAR.[K],N-Term(TMT6plex); K5(Acetyl),4,P84243; P68431,P84243; Q6NXT2; P68431; Q71DI3,1,2,0.3846,0,1,1,565.34783,1129.68838,1129.68907,-0.61,-0.00035,HCD (High Energy Collision Dissociation),34,MS2,32.45026,49.1,33.876,33.0392,2912,190513X_JvsU_targeted15K_2x2_Plate2_7.raw,F19,548535.3758782336,448117.4913478649,669871.195075731,133955.01273376058,161951.35700979922,137799.32026297963,126827.2447487897,2.08,2,FALSE,0.001231,0.009755
FALSE,High,Sequest HT (A2),Unambiguous,[-].mDkSELVQk.[A],N-Term(TMT6plex); K3(Acetyl); K9(TMT6plex),1,P31946-2,P31946-2,1,2,0.1903,0,1,1,789.45042,1577.89356,1577.8973,-2.37,-0.00187,HCD (High Energy Collision Dissociation),34,MS2,47.89939,11.5,100,52.257,10731,190513X_JvsU_targeted15K_2x2_Plate2_3.raw,F15,704.586711727813,2353.810294504395,3169.923577135063,1439.4738625156117,2149.4617340439117,956.1046109193624,2306.649821122437,2.47,1,FALSE,0.001236,0.01021
FALSE,High,Sequest HT (A2),Unambiguous,[-].mDKSELVQk.[A],N-Term(Prot)(Acetyl); N-Term(TMT6plex); K9(TMT6plex),1,P31946-2,P31946-2,1,2,0.1903,0,1,2,789.45042,1577.89356,1577.8973,-2.37,-0.00187,HCD (High Energy Collision Dissociation),34,MS2,47.89939,11.5,100,52.257,10731,190513X_JvsU_targeted15K_2x2_Plate2_3.raw,F15,704.586711727813,2353.810294504395,3169.923577135063,1439.4738625156117,2149.4617340439117,956.1046109193624,2306.649821122437,2.47,1,FALSE,0.001236,0.01021
FALSE,High,Sequest HT (A2),Unambiguous,[-].mEVkPPPGRPQPDSGR.[R],N-Term(TMT6plex); M1(Oxidation); K4(Acetyl),1,P51991,P51991,0,3,0.2978,0,1,1,679.02348,2035.05589,2035.05922,-1.64,-0.00111,HCD (High Energy Collision Dissociation),34,MS2,21.69951,8.5,100,38.1088,6276,190513X_JvsU_targeted15K_2x2_Plate2_2.raw,F14,121.52073201698418,271.25946115511283,289.5422957327931,202.5637762582402,227.24747381869665,202.60576199293462,234.13233421278048,1.78,1,FALSE,0.001236,0.01003
FALSE,High,Sequest HT (A2),Unambiguous,[-].mDKNELVQk.[A],N-Term(Prot)(Acetyl); N-Term(TMT6plex); K9(TMT6plex),1,P63104,P63104,1,2,0.3863,0,1,1,802.95723,1604.90719,1604.9082,-0.63,-0.0005,HCD (High Energy Collision Dissociation),34,MS2,31.2011,12.8,100,50.4102,10161,190513X_JvsU_targeted15K_2x2_Plate2_11.raw,F23,655.4272243577501,810.7186805080919,1087.429490087073,1390.7825776770444,1350.3599539869158,830.0056480676803,2151.0160321840017,2.77,1,FALSE,0.001299,0.01077
FALSE,High,Sequest HT (A2),Unambiguous,[-].mDkNELVQk.[A],N-Term(TMT6plex); K3(Acetyl); K9(TMT6plex),1,P63104,P63104,1,2,0.3863,0,1,2,802.95723,1604.90719,1604.9082,-0.63,-0.0005,HCD (High Energy Collision Dissociation),34,MS2,31.2011,12.8,100,50.4102,10161,190513X_JvsU_targeted15K_2x2_Plate2_11.raw,F23,655.4272243577501,810.7186805080919,1087.429490087073,1390.7825776770444,1350.3599539869158,830.0056480676803,2151.0160321840017,2.77,1,FALSE,0.001299,0.01077
FALSE,High,Sequest HT (A2),Unambiguous,[K].aVTkAQk.[K],N-Term(TMT6plex); K4(Acetyl); K7(TMT6plex),13,Q16778; Q6DN03; P58876; Q99880,Q16778; Q6DN03; P58876; Q93079; O60814; Q99880; Q6DRA6; P62807; P57053; Q8N257; P06899; P23527; Q99877,1,2,0.1262,0,1,1,623.3995,1245.79174,1245.79309,-1.09,-0.00068,HCD (High Energy Collision Dissociation),34,MS2,38.81428,17.4,100,39.8698,6599,190513X_JvsU_targeted15K_2x2_Plate2_12.raw,F24,2640.0906656339316,3134.2950630991777,21244.427490564798,1130.1118185995688,1793.0408954300738,1200.8018632581059,1635.7941230910546,3.17,4,FALSE,0.001319,0.01122
FALSE,High,Sequest HT (A2),Unambiguous,[K].aVTkAQk.[K],N-Term(TMT6plex); K4(Acetyl); K7(TMT6plex),13,Q16778; Q6DN03; P58876; Q99880,Q16778; Q6DN03; P58876; Q93079; O60814; Q99880; Q6DRA6; P62807; P57053; Q8N257; P06899; P23527; Q99877,1,2,0.1207,0,1,1,623.39977,1245.79226,1245.79309,-0.67,-0.00042,HCD (High Energy Collision Dissociation),34,MS2,16.43283,18.6,100,39.0806,6933,190513X_JvsU_targeted15K_2x2_Plate2_10.raw,F22,1817.0507535784407,4321.044332485296,9612.003421290852,7828.243141883031,5520.942190665145,3819.683007883931,6869.869966612455,3.23,4,FALSE,0.00136,0.01171
FALSE,High,Sequest HT (A2),Unambiguous,[R].kQLATkAAR.[K],N-Term(TMT6plex); K1(TMT6plex); K6(Acetyl),4,P84243; P68431,P84243; Q6NXT2; P68431; Q71DI3,2,2,0.2871,0,1,1,743.97663,1486.94599,1486.94697,-0.65,-0.00049,HCD (High Energy Collision Dissociation),34,MS2,0,8.6,100,37.9884,4946,190513X_JvsU_targeted15K_2x2_Plate2_5.raw,F17,739.4828786802,1546.9806195664532,2523.0662084832593,2124.8279264665343,3892.2300930869087,3528.327946789692,4961.117995410725,2.02,2,FALSE,0.001371,0.01186
FALSE,High,Sequest HT (A2),Unambiguous,[R].lQQTQAQVDEVVDIMr.[V],N-Term(TMT6plex); R16(Acetyl),1,P63027,P63027,0,3,0.2457,0,1,1,715.37709,2144.11673,2144.12188,-2.4,-0.00172,HCD (High Energy Collision Dissociation),34,MS2,67.4577,14.2,100,80.7399,24253,190513X_JvsU_targeted15K_2x2_Plate2_8.raw,F20,nan,nan,nan,134102.09232422395,17046.698860273555,11954.836719415402,9617.717639082286,1.75,1,FALSE,0.001424,0.01231
FALSE,High,Sequest HT (A2),Unambiguous,[R].kQLATkAAR.[K],N-Term(TMT6plex); K1(TMT6plex); K6(Acetyl),4,P84243; P68431,P84243; Q6NXT2; P68431; Q71DI3,2,3,0.2526,0,1,1,496.31994,1486.94527,1486.94697,-1.14,-0.00057,HCD (High Energy Collision Dissociation),34,MS2,5.016696,18.5,49.514,40.0907,7088,190513X_JvsU_targeted15K_2x2_Plate2_2.raw,F14,9711.11804011745,8193.478024361757,13503.077258983847,2669.0407017644225,5768.45254171341,2385.988611072369,2098.16404533414,2.93,2,FALSE,0.00144,0.0127
FALSE,High,Sequest HT (A2),Unambiguous,[R].kqERAAAAAAAAAk.[N],N-Term(TMT6plex); K1(Acetyl); Q2(Deamidated); K14(TMT6plex),1,Q99453,Q99453,2,3,0.2236,0,1,1,610.35763,1829.05835,1829.06452,-3.37,-0.00206,HCD (High Energy Collision Dissociation),34,MS2,43.33615,31.9,100,75.7198,22090,190513X_JvsU_targeted15K_2x2_Plate2_6.raw,F18,14013.667724894129,136002.34248733407,215880.88404440845,527988.3738506624,356143.7310765014,407650.0494664061,301654.06142448814,1.61,1,FALSE,0.00144,0.01269
FALSE,High,Sequest HT (A2),Unambiguous,[R].aVVYSNTrEQSSEAALr.[I],N-Term(TMT6plex); R8(Acetyl); R17(Acetyl),1,P48553,P48553,1,3,0.2778,0,1,1,732.05095,2194.13831,2194.13014,3.72,0.00272,HCD (High Energy Collision Dissociation),34,MS2,78.77087,14.3,100,89.4468,25497,190513X_JvsU_targeted15K_2x2_Plate2_7.raw,F19,2572.3697885817614,1678.0819581145727,1254.2534585736385,279717.8007801853,32139.88234510036,10704.724165505342,14717.620895163223,1.98,1,FALSE,0.001463,0.01297
FALSE,High,Sequest HT (A2),Unambiguous,[K].gGkGLGk.[G],N-Term(TMT6plex); K3(Acetyl); K7(TMT6plex),1,P62805,P62805,1,2,0.1719,0,1,1,558.86084,1116.71441,1116.71411,0.26,0.00015,HCD (High Energy Collision Dissociation),34,MS2,0,11.4,100,39.6457,7290,190513X_JvsU_targeted15K_2x2_Plate2_4.raw,F16,667.6335763069073,1078.2301924516405,2155.752585184825,1307.4253984318084,2528.0550995250405,2209.458018937058,1534.4258003985526,1.92,1,FALSE,0.001463,0.01299
FALSE,High,Sequest HT (A2),Unambiguous,[K].eITALAPSTmk.[I],N-Term(TMT6plex); M10(Oxidation); K11(Acetyl),7,P60709; P68032,P63267; P60709; P63267-2; P62736; P68133; P68032; P63261,0,2,0.0526,0,1,1,724.89802,1448.78876,1448.7868,1.36,0.00098,HCD (High Energy Collision Dissociation),34,MS2,64.8066,10.4,100,61.1696,14399,190513X_JvsU_targeted15K_2x2_Plate2_7.raw,F19,4112.089844755113,2266.872651290987,3492.072088322629,15358.076650278115,4985.746943965098,3312.5826811221473,5321.964322495506,1.14,2,FALSE,0.001484,0.01325
FALSE,High,Sequest HT (A2),Unambiguous,[R].lGEHNIEVLEGnEQFInAAk.[I],N-Term(TMT6plex); N12(Deamidated); N17(Deamidated); K20(Acetyl),3,P07477,P07477; P07478; Q8NHM4,0,3,0.0739,0,1,1,833.42801,2498.26947,2498.26122,3.31,0.00275,HCD (High Energy Collision Dissociation),34,MS2,42.97234,4.1,100,73.2676,19337,190513X_JvsU_targeted15K_2x2_Plate2_3.raw,F15,2849.2456432705885,1958.3254839431906,1296.1502258611745,44949.42461825877,2891.061664169832,4693.0038777924,6036.233026957158,1.76,1,FALSE,0.001589,0.01425
FALSE,High,Sequest HT (A2),Unambiguous,[R].kSTGGkAPR.[K],N-Term(TMT6plex); K1(Acetyl); K6(Acetyl),5,P84243; P68431,P84243; Q16695; Q6NXT2; P68431; Q71DI3,2,2,0.4063,0,1,1,607.85514,1214.703,1214.70545,-2.02,-0.00123,HCD (High Energy Collision Dissociation),34,MS2,0,2.7,100,33.9976,4972,190513X_JvsU_targeted15K_2x2_Plate2_4.raw,F16,32.62387388876802,35.851568556344425,46.06829041700873,241.05918824649694,124.31446346442397,162.88837204963895,218.81088116994664,1.92,2,FALSE,0.001603,0.01477
FALSE,High,Sequest HT (A2),Unambiguous,[K].eITALAPSTmk.[I],N-Term(TMT6plex); M10(Oxidation); K11(Acetyl),7,P60709; P68032,P63267; P60709; P63267-2; P62736; P68133; P68032; P63261,0,2,0.0727,0,1,1,724.89795,1448.78863,1448.7868,1.26,0.00092,HCD (High Energy Collision Dissociation),34,MS2,47.20675,12.5,100,61.2923,14439,190513X_JvsU_targeted15K_2x2_Plate2_5.raw,F17,3109.141702088635,2994.0442848243338,4958.136480257084,31408.84083711696,15182.481557613542,10334.94667544848,10822.901576790367,1.1,2,FALSE,0.001624,0.01516
FALSE,High,Sequest HT (A2),Unambiguous,[K].kNrEEqVQk.[K],N-Term(TMT6plex); R3(Acetyl); Q6(Deamidated); K9(TMT6plex),3,Q8IWZ3,Q8IWZ3-6; Q8IWZ3; Q8IWZ3-4,2,3,0.0755,0,1,1,553.98564,1659.94236,1659.94301,-0.39,-0.00021,HCD (High Energy Collision Dissociation),34,MS2,11.18892,18,100,42.7112,7770,190513X_JvsU_targeted15K_2x2_Plate2_12.raw,F24,9147.159412535791,33668.5227344573,249289.83930239364,508.8076520158786,1230.0964858076352,223.46026183480308,593.6367095753252,2.65,1,FALSE,0.001666,0.01553
FALSE,High,Sequest HT (A2),Unambiguous,[R].aAAGLqGrPAr.[R],N-Term(TMT6plex); Q6(Deamidated); R8(Acetyl); R11(Acetyl),1,Q9BXW7,Q9BXW7,0,2,0.1299,0,1,1,691.39111,1381.77494,1381.77493,0.01,0.00001,HCD (High Energy Collision Dissociation),34,MS2,0,11.4,100,40.0508,5878,190513X_JvsU_targeted15K_2x2_Plate2_9.raw,F21,2219.0209110823253,10589.486810425255,6843.4525363147095,1051.1087352065088,953.8946472752303,720.7419973578961,1129.0255011440981,1.54,1,FALSE,0.001666,0.01533
FALSE,High,Sequest HT (A2),Unambiguous,[K].aVTkAQk.[K],N-Term(TMT6plex); K4(Acetyl); K7(TMT6plex),13,Q16778; Q6DN03; P58876; Q99880,Q16778; Q6DN03; P58876; Q93079; O60814; Q99880; Q6DRA6; P62807; P57053; Q8N257; P06899; P23527; Q99877,1,2,0.0841,0,1,1,623.39965,1245.79203,1245.79309,-0.86,-0.00053,HCD (High Energy Collision Dissociation),34,MS2,25.47106,20.8,100,39.3738,7314,190513X_JvsU_targeted15K_2x2_Plate2_8.raw,F20,2393.330746907051,6483.441014485163,16425.559339544492,22286.58889496932,11543.842813984147,12384.946670295885,20679.169523119675,3.21,4,FALSE,0.001708,0.01609
FALSE,High,Sequest HT (A2),Unambiguous,[K].aVTkAQk.[K],N-Term(TMT6plex); K4(Acetyl); K7(TMT6plex),13,Q16778; Q6DN03; P58876; Q99880,Q16778; Q6DN03; P58876; Q93079; O60814; Q99880; Q6DRA6; P62807; P57053; Q8N257; P06899; P23527; Q99877,1,2,0.1809,0,1,1,623.39977,1245.79227,1245.79309,-0.66,-0.00041,HCD (High Energy Collision Dissociation),34,MS2,15.12383,12.7,100,40.0986,7516,190513X_JvsU_targeted15K_2x2_Plate2_6.raw,F18,618.6782941443772,1029.0575021723907,1680.022172602082,3062.1087066482696,2569.200413539755,3481.147730797953,2309.529247864621,2.93,4,FALSE,0.001739,0.0162
FALSE,High,Sequest HT (A2),Unambiguous,[R].kQLATkAAR.[K],N-Term(TMT6plex); K1(TMT6plex); K6(Acetyl),4,P84243; P68431,P84243; Q6NXT2; P68431; Q71DI3,2,2,0.3333,0,1,1,743.97615,1486.94502,1486.94697,-1.31,-0.00097,HCD (High Energy Collision Dissociation),34,MS2,0,9.7,100,37.7172,4592,190513X_JvsU_targeted15K_2x2_Plate2_1.raw,F13,592.0805437716979,1238.6801788818793,1641.8429598404766,4756.981085082959,5199.938023163957,6045.693785235279,5543.583028331301,1.83,2,FALSE,0.002016,0.01926
FALSE,High,Sequest HT (A2),Unambiguous,[K].gGkGLGk.[G],N-Term(TMT6plex); K3(Acetyl); K7(TMT6plex),1,P62805,P62805,1,2,0.2241,0,1,1,558.86071,1116.71414,1116.71411,0.02,0.00001,HCD (High Energy Collision Dissociation),34,MS2,30.96395,34.5,100,40.1776,7385,190513X_JvsU_targeted15K_2x2_Plate2_10.raw,F22,15382.256582733024,29921.27425398902,69539.77583199725,85393.35148983948,81032.66748623016,90442.26710272797,97720.61509194257,2.41,1,FALSE,0.002076,0.01984
FALSE,High,Sequest HT (A2),Unambiguous,[-].mDKNELVQk.[A],N-Term(Prot)(Acetyl); N-Term(TMT6plex); K9(TMT6plex),1,P63104,P63104,1,2,0.3993,0,1,1,802.95732,1604.90738,1604.9082,-0.51,-0.00041,HCD (High Energy Collision Dissociation),34,MS2,55.11602,10,43.835,57.8347,14256,190513X_JvsU_targeted15K_2x2_Plate2_2.raw,F14,7464.661130147936,4449.081815920349,8294.930310590978,12202.11013083146,5073.918893438835,4182.844137834436,5277.191207497969,2.68,1,FALSE,0.002159,0.02049
FALSE,High,Sequest HT (A2),Unambiguous,[-].mDkNELVQk.[A],N-Term(TMT6plex); K3(Acetyl); K9(TMT6plex),1,P63104,P63104,1,2,0.3993,0,1,2,802.95732,1604.90738,1604.9082,-0.51,-0.00041,HCD (High Energy Collision Dissociation),34,MS2,55.11602,10,43.835,57.8347,14256,190513X_JvsU_targeted15K_2x2_Plate2_2.raw,F14,7464.661130147936,4449.081815920349,8294.930310590978,12202.11013083146,5073.918893438835,4182.844137834436,5277.191207497969,2.68,1,FALSE,0.002159,0.02049
FALSE,High,Sequest HT (A2),Unambiguous,[K].gGkGLGk.[G],N-Term(TMT6plex); K3(Acetyl); K7(TMT6plex),1,P62805,P62805,1,2,0.1142,0,1,1,558.86064,1116.71401,1116.71411,-0.09,-0.00005,HCD (High Energy Collision Dissociation),34,MS2,36.56056,20.8,100,41.8571,8240,190513X_JvsU_targeted15K_2x2_Plate2_6.raw,F18,2684.2886433298213,4682.134406743358,6153.2904145135635,7170.239887864737,8265.152046957579,7385.616635132347,4226.49431198301,2.19,1,FALSE,0.002169,0.02068
FALSE,High,Sequest HT (A2),Unambiguous,[R].lVQILQkGLSITTK.[D],N-Term(TMT6plex); K7(Acetyl),3,Q96KD3,Q96KD3; Q96KD3-3; Q96KD3-2,1,3,0.0889,0,1,2,605.04752,1813.12803,1813.136,-4.4,-0.00266,HCD (High Energy Collision Dissociation),34,MS2,47.78323,16.1,100,87.6139,26713,190513X_JvsU_targeted15K_2x2_Plate2_10.raw,F22,1055.5622099194773,8490.2773452525,15859.917860060783,15605.535199405287,19081.68573769852,11837.147161401168,11205.675462843938,1.8,1,FALSE,0.002178,0.02095
FALSE,High,Sequest HT (A2),Unambiguous,[R].lVQILQKGLSITTk.[D],N-Term(TMT6plex); K14(Acetyl),3,Q96KD3,Q96KD3; Q96KD3-3; Q96KD3-2,1,3,0.0889,0,1,1,605.04752,1813.12803,1813.136,-4.4,-0.00266,HCD (High Energy Collision Dissociation),34,MS2,47.78323,16.1,100,87.6139,26713,190513X_JvsU_targeted15K_2x2_Plate2_10.raw,F22,1055.5622099194773,8490.2773452525,15859.917860060783,15605.535199405287,19081.68573769852,11837.147161401168,11205.675462843938,1.8,1,FALSE,0.002178,0.02095
FALSE,High,Sequest HT (A2),Unambiguous,[K].gGkGLGk.[G],N-Term(TMT6plex); K3(Acetyl); K7(TMT6plex),1,P62805,P62805,1,2,0.1839,0,1,1,558.86072,1116.71417,1116.71411,0.05,0.00003,HCD (High Energy Collision Dissociation),34,MS2,43.30067,27.3,100,40.7023,7861,190513X_JvsU_targeted15K_2x2_Plate2_8.raw,F20,4622.632874581728,3508.036204391663,32010.366889701236,21394.433623876394,74292.24717983457,18155.92712643154,41017.74264210009,2.23,1,FALSE,0.002219,0.02136
FALSE,High,Sequest HT (A2),Unambiguous,[K].aVTkAQk.[K],N-Term(TMT6plex); K4(Acetyl); K7(TMT6plex),13,Q16778; Q6DN03; P58876; Q99880,Q16778; Q6DN03; P58876; Q93079; O60814; Q99880; Q6DRA6; P62807; P57053; Q8N257; P06899; P23527; Q99877,1,2,0.2013,0,1,1,623.39945,1245.79163,1245.79309,-1.17,-0.00073,HCD (High Energy Collision Dissociation),34,MS2,0,29.5,100,36.1066,3953,190513X_JvsU_targeted15K_2x2_Plate2_1.raw,F13,7034.564613251901,14634.295093238108,42052.270977795146,58151.0393942961,88235.51960689409,31767.003867167085,410554.6737905634,3.13,4,FALSE,0.002306,0.02269
FALSE,High,Sequest HT (A2),Unambiguous,[R].kqERAAAAAAAAAk.[N],N-Term(TMT6plex); K1(Acetyl); Q2(Deamidated); K14(TMT6plex),1,Q99453,Q99453,2,2,0.0491,0,1,1,915.03635,1829.06543,1829.06452,0.5,0.00045,HCD (High Energy Collision Dissociation),34,MS2,0,9.2,100,71.191,18632,190513X_JvsU_targeted15K_2x2_Plate2_9.raw,F21,414.4863880269159,1040.0166920940082,1245.871294891245,5642.150658376341,10472.05728947254,21043.12357065284,21079.697493457006,3.26,1,FALSE,0.002314,0.02307
FALSE,High,Sequest HT (A2),Unambiguous,[K].vSAVPTnmAAkk.[T],N-Term(TMT6plex); N7(Deamidated); M8(Oxidation); K11(Acetyl); K12(TMT6plex),1,Q96KR1,Q96KR1,1,3,0.1722,0,1,1,578.66654,1733.98506,1733.98718,-1.22,-0.00071,HCD (High Energy Collision Dissociation),34,MS2,83.10027,8.8,100,87.8602,26245,190513X_JvsU_targeted15K_2x2_Plate2_12.raw,F24,515.2909444113254,799.4900514157845,1354.1597948683873,1155.2715127443075,2015.54546098227,2216.1646181411043,2286.8144852312403,1.51,1,FALSE,0.002352,0.02346
FALSE,High,Sequest HT (A2),Unambiguous,[K].lGEGALVNDVLqELIr.[T],N-Term(TMT6plex); Q12(Deamidated); R16(Acetyl),3,A2A288,A2A288-4; A2A288-3; A2A288,0,3,0.1484,0,1,1,671.04897,2011.13236,2011.12729,2.52,0.00169,HCD (High Energy Collision Dissociation),34,MS2,55.33628,8.3,100,78.2922,22329,190513X_JvsU_targeted15K_2x2_Plate2_12.raw,F24,1266.3198098250937,1066.3527872475763,3701.467631423851,1485.9787296070217,1572.1531920819298,1488.0504333754386,1616.8260702933271,1.28,1,FALSE,0.002405,0.02408
FALSE,High,Sequest HT (A2),Unambiguous,[-].mDkNELVQk.[A],N-Term(TMT6plex); K3(Acetyl); K9(TMT6plex),1,P63104,P63104,1,2,0.3919,0,1,1,802.9572,1604.90712,1604.9082,-0.67,-0.00054,HCD (High Energy Collision Dissociation),34,MS2,18.49875,19.1,100,50.5907,10153,190513X_JvsU_targeted15K_2x2_Plate2_9.raw,F21,3026.7118009703263,3389.6459740977484,5099.162455647093,580.0006776754309,1247.189549836499,595.9932859242538,482.65710103385004,2.73,1,FALSE,0.002419,0.02426
FALSE,High,Sequest HT (A2),Unambiguous,[-].mDKNELVQk.[A],N-Term(Prot)(Acetyl); N-Term(TMT6plex); K9(TMT6plex),1,P63104,P63104,1,2,0.3919,0,1,2,802.9572,1604.90712,1604.9082,-0.67,-0.00054,HCD (High Energy Collision Dissociation),34,MS2,18.49875,19.1,100,50.5907,10153,190513X_JvsU_targeted15K_2x2_Plate2_9.raw,F21,3026.7118009703263,3389.6459740977484,5099.162455647093,580.0006776754309,1247.189549836499,595.9932859242538,482.65710103385004,2.73,1,FALSE,0.002419,0.02426
FALSE,High,Sequest HT (A2),Unambiguous,[K].kNrEEqVQk.[K],N-Term(TMT6plex); R3(Acetyl); Q6(Deamidated); K9(TMT6plex),3,Q8IWZ3,Q8IWZ3-6; Q8IWZ3; Q8IWZ3-4,2,3,0.1326,0,1,1,553.98629,1659.94432,1659.94301,0.79,0.00044,HCD (High Energy Collision Dissociation),34,MS2,76.43334,18.4,100,42.0758,8425,190513X_JvsU_targeted15K_2x2_Plate2_8.raw,F20,2213.6186109677765,3960.891684638026,23876.139843623343,4829.019191218992,15407.457111550262,4003.7603724744354,5715.964938407996,1.81,1,FALSE,0.002449,0.02525
FALSE,High,Sequest HT (A2),Unambiguous,[K].aGPGSLELCGLPSQk.[T],N-Term(TMT6plex); K15(Acetyl),2,Q14684,Q14684; Q14684-2,0,3,0.0733,0,1,1,576.64524,1727.92117,1727.91994,0.71,0.00041,HCD (High Energy Collision Dissociation),34,MS2,69.19972,12.5,100,71.5222,19889,190513X_JvsU_targeted15K_2x2_Plate2_2.raw,F14,620.84138610938,887.14198397089,1221.1010113490986,2066.9378910762953,1907.4748934415604,1348.210299057248,1119.202722414764,1.5,1,FALSE,0.002533,0.0269
FALSE,High,Sequest HT (A2),Unambiguous,[K].dCInEGVkPASFDk.[V],N-Term(TMT6plex); N4(Deamidated); K8(Acetyl); K14(TMT6plex),1,Q9H4A3-4,Q9H4A3-4,0,2,0.2769,0,1,1,1012.52531,2024.04336,2024.04106,1.13,0.00115,HCD (High Energy Collision Dissociation),34,MS2,20.13168,3.1,100,63.7776,15472,190513X_JvsU_targeted15K_2x2_Plate2_3.raw,F15,46.18132584741838,67.13708138051976,74.18118149449255,137.40305627447358,109.40109528559464,118.25308787329774,151.5400137639457,1.3,1,FALSE,0.002582,0.02769
FALSE,High,Sequest HT (A2),Unambiguous,[R].kQLATkAAR.[K],N-Term(TMT6plex); K6(Acetyl),4,P84243; P68431,P84243; Q6NXT2; P68431; Q71DI3,2,2,0.4063,0,1,1,629.39365,1257.78003,1257.78404,-3.19,-0.002,HCD (High Energy Collision Dissociation),34,MS2,0,2.6,100,35.2152,5602,190513X_JvsU_targeted15K_2x2_Plate2_8.raw,F20,1877.5541944825245,1121.6541620858666,562.9564364571828,86524.23996459685,4045.5686058978195,2204.918817446474,5378.224715625731,1.92,2,FALSE,0.002664,0.02814
FALSE,High,Sequest HT (A2),Unambiguous,[K].vSAVPTnmAAkk.[T],N-Term(TMT6plex); N7(Deamidated); M8(Oxidation); K11(Acetyl); K12(TMT6plex),1,Q96KR1,Q96KR1,1,3,0.1419,0,1,1,578.66808,1733.9897,1733.98718,1.45,0.00084,HCD (High Energy Collision Dissociation),34,MS2,16.55517,7.6,100,87.8491,27052,190513X_JvsU_targeted15K_2x2_Plate2_6.raw,F18,577.4555744227737,816.9914288196697,1160.3573548526144,680.3028516589017,978.7641706623729,764.435719717682,530.2414183201194,1.55,1,FALSE,0.002694,0.02861
FALSE,High,Sequest HT (A2),Unambiguous,[-].mESIFHEk.[Q],N-Term(Prot)(Acetyl); N-Term(TMT6plex); K8(TMT6plex),4,P54252,P54252; P54252-1; P54252-3; P54252-4,0,3,0.3832,0,1,1,507.61103,1520.81854,1520.81832,0.14,0.00007,HCD (High Energy Collision Dissociation),34,MS2,51.0785,11,100,57.4463,12868,190513X_JvsU_targeted15K_2x2_Plate2_7.raw,F19,2632.4820599908417,1129.1379387354964,3401.9979916057214,5066.879328505295,2717.6530730864188,1525.8405831190573,1812.002145995686,1.67,1,FALSE,0.002703,0.02869
FALSE,High,Sequest HT (A2),Unambiguous,[K].aVTkAQk.[K],N-Term(TMT6plex); K4(Acetyl); K7(TMT6plex),13,Q16778; Q6DN03; P58876; Q99880,Q16778; Q6DN03; P58876; Q93079; O60814; Q99880; Q6DRA6; P62807; P57053; Q8N257; P06899; P23527; Q99877,1,2,0.1806,0,1,1,623.39944,1245.79161,1245.79309,-1.19,-0.00074,HCD (High Energy Collision Dissociation),34,MS2,13.4952,27.8,100,36.4861,4468,190513X_JvsU_targeted15K_2x2_Plate2_11.raw,F23,1764.6443092553782,2565.519555244516,7657.158500709805,30052.383838489106,85489.26326889782,77637.55695079398,433622.24068384146,2.99,4,FALSE,0.00273,0.0295
FALSE,High,Sequest HT (A2),Unambiguous,[R].lGEHNIEVLEGNEqFInAAk.[I],N-Term(TMT6plex); Q14(Deamidated); N17(Deamidated); K20(Acetyl),3,P07477,P07477; P07478; Q8NHM4,0,2,0.2,0,1,2,1249.63998,2498.27269,2498.26122,4.59,0.00574,HCD (High Energy Collision Dissociation),34,MS2,0,1.9,100,80.938,23966,190513X_JvsU_targeted15K_2x2_Plate2_10.raw,F22,229.075761815576,286.1819534102056,964.1458299471745,341.41159589306824,390.9668408585635,255.44713226453786,358.57913773011836,1.1,1,FALSE,0.002851,0.03064
FALSE,High,Sequest HT (A2),Unambiguous,[R].lGEHNIEVLEGnEQFInAAk.[I],N-Term(TMT6plex); N12(Deamidated); N17(Deamidated); K20(Acetyl),3,P07477,P07477; P07478; Q8NHM4,0,2,0.2,0,1,1,1249.63998,2498.27269,2498.26122,4.59,0.00574,HCD (High Energy Collision Dissociation),34,MS2,0,1.9,100,80.938,23966,190513X_JvsU_targeted15K_2x2_Plate2_10.raw,F22,229.075761815576,286.1819534102056,964.1458299471745,341.41159589306824,390.9668408585635,255.44713226453786,358.57913773011836,1.1,1,FALSE,0.002851,0.03064
FALSE,High,Sequest HT (A2),Unambiguous,[R].gnSGLkPk.[D],N-Term(TMT6plex); N2(Deamidated); K6(Acetyl); K8(TMT6plex),1,Q9UKY4,Q9UKY4,0,2,0.1538,0,1,1,651.39377,1301.78026,1301.78292,-2.05,-0.00133,HCD (High Energy Collision Dissociation),34,MS2,69.31422,38,100,50.471,11876,190513X_JvsU_targeted15K_2x2_Plate2_8.raw,F20,40572.33421240685,191714.21922057134,124594.75463217236,102734.88974361189,150291.64166966107,97721.03404772682,154536.94187409236,1.95,1,FALSE,0.002891,0.031
FALSE,High,Sequest HT (A2),Unambiguous,[K].kAVTkAQk.[K],N-Term(TMT6plex); K1(TMT6plex); K5(TMT6plex); K8(Acetyl),13,Q16778; Q6DN03; P58876; Q99880,Q16778; Q6DN03; P58876; Q93079; O60814; Q99880; Q6DRA6; P62807; P57053; Q8N257; P06899; P23527; Q99877,2,3,0.2611,0,1,1,535.02186,1603.05104,1603.05099,0.03,0.00002,HCD (High Energy Collision Dissociation),34,MS2,69.63696,23.3,100,40.5964,6102,190513X_JvsU_targeted15K_2x2_Plate2_9.raw,F21,3507.6426057113404,19333.956628773198,21725.919357122588,17930.042134507505,12227.727990459509,14228.875623415675,10045.927690254572,2.26,4,FALSE,0.002931,0.03158
FALSE,High,Sequest HT (A2),Unambiguous,[R].kSTGGkAPR.[K],N-Term(TMT6plex); K1(TMT6plex); K6(Acetyl),5,P84243; P68431,P84243; Q16695; Q6NXT2; P68431; Q71DI3,2,3,0.4632,0,1,1,467.95686,1401.85604,1401.85782,-1.27,-0.00059,HCD (High Energy Collision Dissociation),34,MS2,31.65537,6.4,100,35.189,5080,190513X_JvsU_targeted15K_2x2_Plate2_2.raw,F14,188.06786897863316,104.49012068262537,581.4848306559609,118.59377394637627,56.07208119622002,51.271091938963515,125.80637203361637,2.31,2,FALSE,0.003058,0.03317
FALSE,High,Sequest HT (A2),Unambiguous,[K].gLGkGGAk.[CR],N-Term(TMT6plex); K4(Acetyl); K8(TMT6plex),2,P62805,Q99525; P62805,1,2,0.0459,0,1,1,594.37652,1187.74578,1187.75123,-4.59,-0.00273,HCD (High Energy Collision Dissociation),34,MS2,0,19.8,100,37.8861,4904,190513X_JvsU_targeted15K_2x2_Plate2_5.raw,F17,1793.6420620746258,6676.3535647687395,15276.801216946402,54314.04770901583,35944.496498117835,22337.923626877277,28329.875883210658,2.83,1,FALSE,0.003123,0.03455
FALSE,High,Sequest HT (A2),Unambiguous,[K].gLEHNLDLLryEkGCVR.[E],N-Term(TMT6plex); R10(Acetyl); Y11(Phospho); K13(TMT6plex),2,Q3ZCX4,Q3ZCX4; Q3ZCX4-2,2,3,0.0411,0,1,1,865.78756,2595.34813,2595.35186,-1.44,-0.00125,HCD (High Energy Collision Dissociation),34,MS2,70.10146,6.2,100,69.8949,17990,190513X_JvsU_targeted15K_2x2_Plate2_7.raw,F19,618.8531306606715,1174.4336164342847,1116.423723100002,522.8387103949694,639.7119040546418,328.55563092970885,401.32424790858215,1.46,1,FALSE,0.003163,0.03514
FALSE,High,Sequest HT (A2),Unambiguous,[R].lGEHNIEVLEGNEqFInAAk.[I],N-Term(TMT6plex); Q14(Deamidated); N17(Deamidated); K20(Acetyl),3,P07477,P07477; P07478; Q8NHM4,0,3,,0.0443,2,2,833.42767,2498.26846,2498.26122,2.9,0.00242,HCD (High Energy Collision Dissociation),34,MS2,11.18981,9.5,100,80.8534,23931,190513X_JvsU_targeted15K_2x2_Plate2_10.raw,F22,2396.053002333317,3968.4269286577105,12269.00038342698,15061.444737502488,18108.519536877462,8024.940474830612,10892.655631967891,1.94,1,FALSE,0.003378,0.03802
FALSE,High,Sequest HT (A2),Unambiguous,[K].gGkGLGk.[G],N-Term(TMT6plex); K3(Acetyl); K7(TMT6plex),1,P62805,P62805,1,2,0.0798,0,1,1,558.8605,1116.71372,1116.71411,-0.35,-0.00019,HCD (High Energy Collision Dissociation),34,MS2,57.36313,10.9,100,39.8715,7001,190513X_JvsU_targeted15K_2x2_Plate2_2.raw,F14,315.35167984944513,406.87037101934715,662.6607414514118,1088.2395973894568,2341.399027291817,967.5249911725189,1621.3299135971758,1.63,1,FALSE,0.003745,0.04277
FALSE,High,Sequest HT (A2),Unambiguous,[R].kQLATkAAR.[K],N-Term(TMT6plex); K1(TMT6plex); K6(Acetyl),4,P84243; P68431,P84243; Q6NXT2; P68431; Q71DI3,2,3,0.2918,0,1,1,496.32071,1486.94758,1486.94697,0.41,0.0002,HCD (High Energy Collision Dissociation),34,MS2,30.77788,17.1,30.756,38.4392,5214,190513X_JvsU_targeted15K_2x2_Plate2_9.raw,F21,12981.588235942852,18867.472353124467,20903.245416717407,5817.778942533305,9210.344809152974,6009.629616933313,11458.299767307193,2.57,2,FALSE,0.003786,0.04311
FALSE,High,Sequest HT (A2),Unambiguous,[R].aAAGLqGrPAr.[R],N-Term(TMT6plex); Q6(Deamidated); R8(Acetyl); R11(Acetyl),1,Q9BXW7,Q9BXW7,0,2,0.1376,0,1,1,691.38991,1381.77256,1381.77493,-1.72,-0.00119,HCD (High Energy Collision Dissociation),34,MS2,20.69806,14.4,100,45.2596,9577,190513X_JvsU_targeted15K_2x2_Plate2_4.raw,F16,587.204371404476,355.6589705482097,892.5141063483765,917.2312839349906,796.4459562401983,289.0046737939237,752.5140945728327,2.18,1,FALSE,0.003893,0.04407
FALSE,High,Sequest HT (A2),Unambiguous,[K].eITALAPSTmk.[I],N-Term(TMT6plex); M10(Oxidation); K11(Acetyl),7,P60709; P68032,P63267; P60709; P63267-2; P62736; P68133; P68032; P63261,0,2,0.1982,0,1,1,724.8958,1448.78432,1448.7868,-1.71,-0.00124,HCD (High Energy Collision Dissociation),34,MS2,19.7207,12.6,100,61.2974,14452,190513X_JvsU_targeted15K_2x2_Plate2_3.raw,F15,3854.585976401046,4281.640032213601,6206.757727877178,21595.856098353095,8003.207703877768,5701.13429041162,9032.027361167713,1.11,2,FALSE,0.003986,0.04583
FALSE,High,Sequest HT (A2),Unambiguous,[K].aVTkAQk.[K],N-Term(TMT6plex); K4(Acetyl); K7(TMT6plex),13,Q16778; Q6DN03; P58876; Q99880,Q16778; Q6DN03; P58876; Q93079; O60814; Q99880; Q6DRA6; P62807; P57053; Q8N257; P06899; P23527; Q99877,1,2,0.1514,0,1,1,623.39945,1245.79163,1245.79309,-1.17,-0.00073,HCD (High Energy Collision Dissociation),34,MS2,19.25187,34,55.16,36.604,4384,190513X_JvsU_targeted15K_2x2_Plate2_5.raw,F17,73331.5394881693,199230.33851499096,633086.8436216803,372401.6675798451,966327.4876532195,596750.42676361,4724471.48563801,2.84,4,FALSE,0.004209,0.05009
FALSE,High,Sequest HT (A2),Unambiguous,[K].kAVTkAQk.[K],N-Term(TMT6plex); K1(TMT6plex); K5(TMT6plex); K8(Acetyl),13,Q16778; Q6DN03; P58876; Q99880,Q16778; Q6DN03; P58876; Q93079; O60814; Q99880; Q6DRA6; P62807; P57053; Q8N257; P06899; P23527; Q99877,2,3,0.1477,0,1,1,535.0214,1603.04966,1603.05099,-0.83,-0.00044,HCD (High Energy Collision Dissociation),34,MS2,69.10686,21,75.728,40.6751,6052,190513X_JvsU_targeted15K_2x2_Plate2_5.raw,F17,5843.471383688034,24152.58919693427,37217.61638131712,45733.05418548432,28902.90267615115,30508.096684520144,45604.66962720699,2.37,4,FALSE,0.004209,0.04991
FALSE,High,Sequest HT (A2),Unambiguous,[R].lGEHNIEVLEGnEQFInAAk.[I],N-Term(TMT6plex); N12(Deamidated); N17(Deamidated); K20(Acetyl),3,P07477,P07477; P07478; Q8NHM4,0,3,0.0314,0,1,1,833.4269,2498.26616,2498.26122,1.98,0.00165,HCD (High Energy Collision Dissociation),34,MS2,59.22134,5,100,81.0901,23818,190513X_JvsU_targeted15K_2x2_Plate2_2.raw,F14,454.70861593537757,489.2205672164662,1261.6281561662142,418.22072173389716,785.3626128299525,535.321612246853,613.737355321014,1.59,1,FALSE,0.004265,0.0509
FALSE,High,Sequest HT (A2),Unambiguous,[-].mEVkPPPGRPQPDSGR.[R],N-Term(TMT6plex); M1(Oxidation); K4(Acetyl),1,P51991,P51991,0,3,0.3548,0,1,1,679.02335,2035.05549,2035.05922,-1.84,-0.00124,HCD (High Energy Collision Dissociation),34,MS2,56.65859,4.4,100,36.3634,4365,190513X_JvsU_targeted15K_2x2_Plate2_9.raw,F21,92.76729538349501,82.3324300529715,234.16750019276213,438.9279864581782,371.4752381086961,274.5870461078308,413.8301826162323,1.55,1,FALSE,0.004458,0.05294
FALSE,High,Sequest HT (A2),Unambiguous,[K].mTEEEVEmLVAGHEDSNGCINYEAFVr.[H],N-Term(TMT6plex); M8(Oxidation); R27(Acetyl),1,P60660,P60660,0,3,0.3464,0,1,1,1120.51099,3359.51841,3359.50676,3.47,0.00389,HCD (High Energy Collision Dissociation),34,MS2,61.08606,1.1,100,83.5854,23498,190513X_JvsU_targeted15K_2x2_Plate2_9.raw,F21,2656.531447746622,3896.730864472077,8253.133555367122,846.2725556639768,3864.7648261617214,2660.7589458684874,3550.9816560168633,1.79,1,FALSE,0.004566,0.05403
FALSE,High,Sequest HT (A2),Unambiguous,[R].aAAGLqGrPAr.[R],N-Term(TMT6plex); Q6(Deamidated); R8(Acetyl); R11(Acetyl),1,Q9BXW7,Q9BXW7,0,2,0.1535,0,1,1,691.38845,1381.76963,1381.77493,-3.84,-0.00265,HCD (High Energy Collision Dissociation),34,MS2,0,11.5,100,45.5307,8931,190513X_JvsU_targeted15K_2x2_Plate2_12.raw,F24,1708.383630825526,3265.3724672578487,20118.076670047776,497.59518706777914,667.303845985801,348.00410481576876,754.7661879596087,2.15,1,FALSE,0.004575,0.0542
FALSE,High,Sequest HT (A2),Unambiguous,[K].kNrEEqVQk.[K],N-Term(TMT6plex); R3(Acetyl); Q6(Deamidated); K9(TMT6plex),3,Q8IWZ3,Q8IWZ3-6; Q8IWZ3; Q8IWZ3-4,2,3,0.1311,0,1,1,553.98533,1659.94144,1659.94301,-0.94,-0.00052,HCD (High Energy Collision Dissociation),34,MS2,73.70507,10.2,100,42.1766,7944,190513X_JvsU_targeted15K_2x2_Plate2_2.raw,F14,250.12946901452872,246.70461263979072,638.5748151569278,164.4233763063849,431.0378699012275,230.48141513201,225.34574570503798,1.83,1,FALSE,0.004715,0.05622
FALSE,High,Sequest HT (A2),Unambiguous,[K].gGkGLGk.[G],N-Term(TMT6plex); K3(Acetyl); K7(TMT6plex),1,P62805,P62805,1,2,0.1442,0,1,1,558.86154,1116.7158,1116.71411,1.51,0.00084,HCD (High Energy Collision Dissociation),34,MS2,38.21758,35.2,48.722,41.55,7291,190513X_JvsU_targeted15K_2x2_Plate2_12.raw,F24,448894.2811694397,703810.1282079291,27445136.8435476,20318.870245204864,41512.114363636334,17504.867279071706,27236.2970054882,2.08,1,FALSE,0.004803,0.05714
FALSE,High,Sequest HT (A2),Unambiguous,[R].aAAGLqGrPAr.[R],N-Term(TMT6plex); Q6(Deamidated); R8(Acetyl); R11(Acetyl),1,Q9BXW7,Q9BXW7,0,2,0.0615,0,1,1,691.38937,1381.77146,1381.77493,-2.51,-0.00174,HCD (High Energy Collision Dissociation),34,MS2,12.87676,14,100,40.0434,5787,190513X_JvsU_targeted15K_2x2_Plate2_3.raw,F15,1963.5064338188752,3477.5298685695307,8973.023766151648,6444.913621122056,5977.378852759551,2983.537207612972,6293.012322517433,1.79,1,FALSE,0.004865,0.05856
FALSE,High,Sequest HT (A2),Unambiguous,[-].mESYHkPDQQk.[L],N-Term(Prot)(Acetyl); N-Term(TMT6plex); K6(TMT6plex); K11(TMT6plex),2,P29401,P29401; P29401-2,0,3,0.4737,0,1,1,707.38324,2120.13518,2120.14134,-2.9,-0.00205,HCD (High Energy Collision Dissociation),34,MS2,0,8.7,100,46.7815,10258,190513X_JvsU_targeted15K_2x2_Plate2_6.raw,F18,50.46456783050083,69.90807631634812,116.18921540590304,138.4415009569194,163.2341747062661,155.00921173479944,328.65382372518224,1.71,1,FALSE,0.005027,0.06181
FALSE,High,Sequest HT (A2),Unambiguous,[R].kQLATkAAR.[K],N-Term(TMT6plex); K6(Acetyl),4,P84243; P68431,P84243; Q6NXT2; P68431; Q71DI3,2,2,0.3913,0,1,1,629.39503,1257.78279,1257.78404,-0.99,-0.00062,HCD (High Energy Collision Dissociation),34,MS2,9.291224,1.8,100,35.7998,4930,190513X_JvsU_targeted15K_2x2_Plate2_12.raw,F24,35.51395696181917,38.13799315555941,54.92553165327209,224.4313814767172,109.66607975243235,154.52366421632357,202.04389168756273,1.84,2,FALSE,0.005284,0.06621
FALSE,High,Sequest HT (A2),Unambiguous,[R].aAAGLqGrPAr.[R],N-Term(TMT6plex); Q6(Deamidated); R8(Acetyl); R11(Acetyl),1,Q9BXW7,Q9BXW7,0,2,0.1111,0,1,1,691.38871,1381.77014,1381.77493,-3.47,-0.00239,HCD (High Energy Collision Dissociation),34,MS2,14.03934,13.2,100,40.0521,5795,190513X_JvsU_targeted15K_2x2_Plate2_5.raw,F17,1409.069271434526,2413.4797153936433,3828.6311489900477,4906.114527961288,6477.6845884526065,4056.3992592286445,4837.590245805838,1.8,1,FALSE,0.005302,0.06662
FALSE,High,Sequest HT (A2),Unambiguous,[R].gnSGLkPk.[D],N-Term(TMT6plex); N2(Deamidated); K6(Acetyl); K8(TMT6plex),1,Q9UKY4,Q9UKY4,0,2,0.1938,0,1,1,651.39571,1301.78415,1301.78292,0.94,0.00062,HCD (High Energy Collision Dissociation),34,MS2,86.69512,46.1,100,50.6549,11799,190513X_JvsU_targeted15K_2x2_Plate2_4.raw,F16,44256.9619187504,238228.18494066212,243002.2539473438,341726.4395020556,778099.0414507547,388928.15083856886,593917.2076496652,1.6,1,FALSE,0.006064,0.07727
FALSE,High,Sequest HT (A2),Unambiguous,[R].kQLATkAAR.[K],N-Term(TMT6plex); K6(Acetyl),4,P84243; P68431,P84243; Q6NXT2; P68431; Q71DI3,2,2,0.3283,0,1,1,629.39364,1257.78002,1257.78404,-3.2,-0.00201,HCD (High Energy Collision Dissociation),34,MS2,0,2,100,35.3187,5516,190513X_JvsU_targeted15K_2x2_Plate2_4.raw,F16,26.60041813374921,29.427457507852253,31.918896844073956,230.1065141669807,107.95102736638015,157.8784605507829,214.48581204054105,1.98,2,FALSE,0.006266,0.08012
FALSE,High,Sequest HT (A2),Unambiguous,[R].lGEHNIEVLEGNEqFInAAk.[I],N-Term(TMT6plex); Q14(Deamidated); N17(Deamidated); K20(Acetyl),3,P07477,P07477; P07478; Q8NHM4,0,3,0.0615,0,1,1,833.42904,2498.27256,2498.26122,4.54,0.00378,HCD (High Energy Collision Dissociation),34,MS2,34.4334,5.4,100,73.2118,19460,190513X_JvsU_targeted15K_2x2_Plate2_9.raw,F21,106.6962252637902,144.87027767810233,308.4267446704549,200.8316975977081,210.3156387475292,162.4927942804718,202.1240733243597,1.79,1,FALSE,0.006285,0.08052
FALSE,High,Sequest HT (A2),Unambiguous,[K].dCInEGVkPASFDk.[V],N-Term(TMT6plex); N4(Deamidated); K8(Acetyl); K14(TMT6plex),1,Q9H4A3-4,Q9H4A3-4,0,2,0.2279,0,1,1,1012.5233,2024.03933,2024.04106,-0.85,-0.00086,HCD (High Energy Collision Dissociation),34,MS2,60.21592,2.5,100,63.8172,15240,190513X_JvsU_targeted15K_2x2_Plate2_1.raw,F13,954.6354528400824,1390.9623312704257,2554.579408759909,1802.2821580283312,2107.4606926483348,1611.624898632307,1432.6374776910086,1.36,1,FALSE,0.00673,0.08588
FALSE,High,Sequest HT (A2),Unambiguous,[R].kQLATkAAR.[K],N-Term(TMT6plex); K6(Acetyl),4,P84243; P68431,P84243; Q6NXT2; P68431; Q71DI3,2,2,0.4578,0,1,1,629.39549,1257.78371,1257.78404,-0.26,-0.00016,HCD (High Energy Collision Dissociation),34,MS2,14.22565,3.6,100,29.9029,1663,190513X_JvsU_targeted15K_2x2_Plate2_7.raw,F19,42.901974377649665,57.11795774165724,49.47485141379777,83.2446908957475,75.51113100316583,83.09627913590407,56.75257966659949,1.66,2,FALSE,0.006856,0.08797
FALSE,High,Sequest HT (A2),Unambiguous,[R].aAAGLqGrPAr.[R],N-Term(TMT6plex); Q6(Deamidated); R8(Acetyl); R11(Acetyl),1,Q9BXW7,Q9BXW7,0,2,0.1355,0,1,1,691.3885,1381.76972,1381.77493,-3.77,-0.00261,HCD (High Energy Collision Dissociation),34,MS2,5.533962,10.5,100,45.558,9308,190513X_JvsU_targeted15K_2x2_Plate2_2.raw,F14,228.3657311703819,211.14939927266025,852.361056508063,716.5401949256661,1486.888129571063,701.1760414800885,1304.949245459184,2.14,1,FALSE,0.007357,0.09456
FALSE,High,Sequest HT (A2),Unambiguous,[-].mDKSELVQk.[A],N-Term(Prot)(Acetyl); N-Term(TMT6plex); K9(TMT6plex),1,P31946-2,P31946-2,1,2,0.0265,0,1,1,789.45278,1577.89829,1577.8973,0.63,0.00049,HCD (High Energy Collision Dissociation),34,MS2,14.89436,15.1,100,51.8125,10656,190513X_JvsU_targeted15K_2x2_Plate2_9.raw,F21,1763.203406733718,7357.547464062736,6100.882301180528,3911.975167945957,3423.067744376982,2149.2736544237778,6332.756873176249,3.02,1,FALSE,0.008,0.1038
FALSE,High,Sequest HT (A2),Unambiguous,[K].kNrEEqVQk.[K],N-Term(TMT6plex); R3(Acetyl); Q6(Deamidated); K9(TMT6plex),3,Q8IWZ3,Q8IWZ3-6; Q8IWZ3; Q8IWZ3-4,2,3,0.0493,0,1,1,553.98572,1659.94261,1659.94301,-0.24,-0.00013,HCD (High Energy Collision Dissociation),34,MS2,62.44458,13.6,100,42.0403,8139,190513X_JvsU_targeted15K_2x2_Plate2_10.raw,F22,200.27506748271836,301.6164429842811,1287.7337048946297,754.0926487483079,2271.081907271506,749.8982903928012,497.6929070706134,2.23,1,FALSE,0.008246,0.107
FALSE,High,Sequest HT (A2),Unambiguous,[K].gGkGLGk.[G],N-Term(TMT6plex); K3(Acetyl); K7(TMT6plex),1,P62805,P62805,1,2,0.1951,0,1,1,558.86029,1116.71331,1116.71411,-0.72,-0.0004,HCD (High Energy Collision Dissociation),34,MS2,53.70868,22.6,100,39.924,7404,190513X_JvsU_targeted15K_2x2_Plate2_4.raw,F16,783.3631936045144,797.3355415082847,3023.6345207130676,2205.242118636074,6898.684580221919,2953.5684520911086,3488.447399705212,2.05,1,FALSE,0.008273,0.1075
FALSE,High,Sequest HT (A2),Unambiguous,[R].kQLATkAAR.[K],N-Term(TMT6plex); K1(TMT6plex); K6(Acetyl),4,P84243; P68431,P84243; Q6NXT2; P68431; Q71DI3,2,2,0.2938,0,1,1,743.97539,1486.94351,1486.94697,-2.33,-0.00173,HCD (High Energy Collision Dissociation),34,MS2,0,9.2,100,38.0647,4972,190513X_JvsU_targeted15K_2x2_Plate2_3.raw,F15,301.8245573810112,787.6083253820458,2019.8318199766443,5173.184326358228,6458.080326772786,5006.93769976249,5447.89767996042,1.77,2,FALSE,0.008434,0.11
FALSE,High,Sequest HT (A2),Unambiguous,[R].kQLATkAAR.[K],N-Term(TMT6plex); K1(TMT6plex); K6(Acetyl),4,P84243; P68431,P84243; Q6NXT2; P68431; Q71DI3,2,2,0.0645,0,1,1,743.97618,1486.94509,1486.94697,-1.27,-0.00094,HCD (High Energy Collision Dissociation),34,MS2,25.19727,8.3,100,39.5809,7264,190513X_JvsU_targeted15K_2x2_Plate2_4.raw,F16,122.683253196317,117.20331780940914,240.45436716793586,70.23598036148213,119.89220406057213,58.698549428854875,77.83190538948207,2.17,2,FALSE,0.008553,0.1113
FALSE,High,Sequest HT (A2),Unambiguous,[-].mDKSELVQk.[A],N-Term(Prot)(Acetyl); N-Term(TMT6plex); K9(TMT6plex),1,P31946-2,P31946-2,1,2,0.0205,0,1,1,789.45191,1577.89655,1577.8973,-0.48,-0.00038,HCD (High Energy Collision Dissociation),34,MS2,18.48018,16.9,100,51.9243,10583,190513X_JvsU_targeted15K_2x2_Plate2_5.raw,F17,2755.165226039795,6177.831895261574,10809.249760448602,4692.616710494268,7311.774363151783,2995.6395667594356,5440.138368233163,2.92,1,FALSE,0.00883,0.1152
FALSE,High,Sequest HT (A2),Unambiguous,[-].mDKNELVQk.[A],N-Term(Prot)(Acetyl); N-Term(TMT6plex); K9(TMT6plex),1,P63104,P63104,1,2,0.0035,0,1,1,802.95699,1604.90671,1604.9082,-0.93,-0.00074,HCD (High Energy Collision Dissociation),34,MS2,51.29949,10,100,57.3712,14348,190513X_JvsU_targeted15K_2x2_Plate2_10.raw,F22,158.22449272566044,262.011194293508,338.4371701926516,299.4184508452964,280.1874367060309,159.76838219501417,140.60584065276925,2.87,1,FALSE,0.008948,0.1165
FALSE,High,Sequest HT (A2),Unambiguous,[-].mDKSELVQk.[A],N-Term(Prot)(Acetyl); N-Term(TMT6plex); K9(TMT6plex),1,P31946-2,P31946-2,1,2,0.0214,0,1,1,789.45209,1577.8969,1577.8973,-0.25,-0.0002,HCD (High Energy Collision Dissociation),34,MS2,8.832087,16.8,100,51.6544,10673,190513X_JvsU_targeted15K_2x2_Plate2_11.raw,F23,2353.329043746513,3762.4461397842892,6473.051793570586,2365.4464879457314,4560.025374685386,2784.707718587857,4049.9334134845276,2.81,1,FALSE,0.009054,0.118
FALSE,High,Sequest HT (A2),Unambiguous,[K].dCInEGVkPASFDk.[V],N-Term(TMT6plex); N4(Deamidated); K8(Acetyl); K14(TMT6plex),1,Q9H4A3-4,Q9H4A3-4,0,2,0.0787,0,1,1,1012.52445,2024.04162,2024.04106,0.28,0.00028,HCD (High Energy Collision Dissociation),34,MS2,88.61839,7.4,100,70.5107,19754,190513X_JvsU_targeted15K_2x2_Plate2_10.raw,F22,1588.5171147837984,2730.8712125174593,2077.3191427301304,3249.290945630129,6877.376926023568,3514.841162610923,3507.1211517580405,1.27,1,FALSE,0.009134,0.119
FALSE,High,Sequest HT (A2),Unambiguous,[K].kAVTkAQk.[K],N-Term(TMT6plex); K1(TMT6plex); K5(TMT6plex); K8(Acetyl),13,Q16778; Q6DN03; P58876; Q99880,Q16778; Q6DN03; P58876; Q93079; O60814; Q99880; Q6DRA6; P62807; P57053; Q8N257; P06899; P23527; Q99877,2,3,0.2357,0,1,1,535.02211,1603.05177,1603.05099,0.49,0.00026,HCD (High Energy Collision Dissociation),34,MS2,59.40902,14.3,100,40.3013,7556,190513X_JvsU_targeted15K_2x2_Plate2_4.raw,F16,2029.8984619793885,3269.7939608889524,8311.334303241216,3822.6648593102723,2661.994420966553,3037.6040767430004,2450.0416381426553,1.57,4,FALSE,0.009404,0.1228
FALSE,High,Sequest HT (A2),Unambiguous,[R].kSTGGkAPR.[K],N-Term(TMT6plex); K1(TMT6plex); K6(Acetyl),5,P84243; P68431,P84243; Q16695; Q6NXT2; P68431; Q71DI3,2,3,0.4148,0,1,1,467.95713,1401.85684,1401.85782,-0.7,-0.00033,HCD (High Energy Collision Dissociation),34,MS2,36.94199,5.4,100,35.3366,4769,190513X_JvsU_targeted15K_2x2_Plate2_12.raw,F24,56.22608911938883,30.435831654247895,100.10903093762096,142.53736230221412,38.98354406556293,85.64045404034438,60.58195758671249,1.76,2,FALSE,0.009866,0.1294
