logFC,P.Value,adj.P.Val,symbol,acc,FC,logPval
-0.632080216,0.015558622,0.560110394,[R].tSTWRLAQDq.[T], O43181,-1.388486688,1.808028869
-0.518865978,0.072145975,0.947123571,[R].dDAAIcTTEYSRIVPLENGEIVVSLVn.[G], O15230,-1.258348485,1.141787894
0.583527892,0.117482483,0.947123571,[K].lLSSAEQSQkPq.[L], Q9P2G4,1.331676667,0.930026882
-0.430892845,0.125704655,0.947123571,[K].tLSTIATSTDAASVVHSTDLVVEAIVEn.[L], Q16836,-1.162616961,0.900648638
-0.408653073,0.13154494,0.947123571,[R].tVVRGQTNVGQDGRq.[A], Q5VIR6,-1.139114316,0.880925851
0.391523468,0.201783119,0.964988873,[R].sRVGISSLSGEGTDYIn.[A], P23471,1.12119685,0.695115169
0.238692606,0.26413833,0.964988873,[K].lLDQGALLMGkTn.[L], Q9H0R6,0.968044663,0.578168573
0.346228193,0.266931358,0.964988873,[R].gLWPFASAAGGGGSEAAGAEq.[A], O75896,1.074573243,0.573600404
-0.24812464,0.270711969,0.964988873,[K].vVELDTLDNLETn.[D], Q8NEZ4,-0.977164716,0.567492542
-0.245078912,0.282756195,0.964988873,[R].eEVIRELAGIVcTLNSEn.[K], Q9NXG2,-0.974215184,0.548587871
0.296113633,0.320957736,0.964988873,[R].iNNEIDQLMNQMQQIETq.[Q], Q9UQE7,1.024221537,0.493552153
-0.262549724,0.35315931,0.964988873,[R].vELVSSNTkAn.[M], Q68DQ2,-0.991193584,0.452029341
0.305000504,0.380254444,0.964988873,[K].lLPAVLHTFWVESDn.[Y], Q5HYI7,1.033058585,0.419925702
0.205130392,0.381549876,0.964988873,[K].lLLFYAADLn.[P], Q8NDZ2,0.935925462,0.418448684
0.182243069,0.452713698,0.964988873,[R].ycPNGNHkQYq.[E], Q86Y07,0.914313723,0.344176365
0.201126025,0.456048231,0.964988873,[R].aQALLDVTLLDINDHAPAFn.[Q], Q96JQ0,0.932127424,0.340989224
0.185597845,0.509320587,0.964988873,[K].mLLNIQTQTq.[T], Q8NHA8,0.917467005,0.293008769
-0.287731506,0.519390125,0.964988873,[K].sLSQRSSSQRASSq.[T], P54296,-1.015922023,0.284506311
0.119935146,0.577798734,0.964988873,[K].aLEQLVWSQFTq.[C], P28328,0.856628757,0.238223414
0.109630107,0.580371188,0.964988873,[K].aATELREATALTIAETNn.[E], Q9UIF3,0.847245153,0.236294156
-0.085283532,0.687051886,0.964988873,[R].nVVGVLLVFDVTn.[R], Q8N4Z0,-0.825246401,0.163010464
-0.165488541,0.708993437,0.964988873,[K].ePSGGGGTALLNkEn.[K], P47974,-0.89863917,0.149357785
0.139031663,0.726594433,0.964988873,[K].gEGERPAQn.[E], P52272,0.874133644,0.138707934
0.062976199,0.765886426,0.964988873,[K].vSARGPGLEPVGNVAn.[K], Q14315,0.805296717,0.115835628
0.073534557,0.823336977,0.964988873,[K].gGkPEPPAMPq.[P], P23396,0.814714878,0.084422379
-0.042991825,0.866823134,0.964988873,[K].lFRIMQNGTILYTMRLTIn.[A], Q16445,-0.787588124,0.062069506
-0.032570644,0.873730968,0.964988873,[R].ikDMNFkPLIn.[L], Q9H3W5,-0.77841385,0.058622271
-0.030914598,0.889595678,0.964988873,[K].wkSENITPRmq.[H], Q9UKF5,-0.776959705,0.050807336
-0.028213593,0.901079571,0.964988873,[R].gGMGNGLDImLDVq.[Q], Q9UHC3,-0.774590195,0.045236857
0.03479573,0.904147739,0.964988873,[K].dYkTGFGGkFGVq.[S], Q14247,0.780369275,0.043760599
0.023613684,0.908601771,0.964988873,[R].qILSNkGLSEDEkn.[T], Q9ULT8,0.770561077,0.041626421
-0.01803458,0.933371088,0.964988873,[R].iSQLIQPQQDNLkALq.[E], Q9C0D2,-0.76568478,0.029945656
0.016033842,0.939532066,0.964988873,[R].tITVSVADVNDn.[T], Q9H158,0.763938871,0.027088393
0.013012328,0.954694565,0.964988873,[R].aTPVNLAGLATVRRAGq.[T], Q5VWQ8,0.761304982,0.02013555
-0.030413315,0.962350952,0.964988873,[R].sTITDAGLEVmLEq.[M], Q8N461,-0.776519739,0.01666652
-0.02238588,0.964988873,0.964988873,[K].tAANLVVETGQDGVq.[I], Q5T3I0,-0.769486955,0.015477694